Date,Headline,URL,Opening Text,Hit Sentence,Source,Influencer,Country,Subregion,Language,Reach,AVE,Input Name,Note
7/5/16,大都会人寿引入中症疾病赔付理念 推出大都保健康保障计划,http://www.chinastock.com.cn/yhwz_about.do?methodCall=getDetailInfo&docId=5407440,-,-,中国银河证券,-,China,Undef regional,Chinese (simpl.),1538549,14231.57825,MetLife China,online
7/5/16,大都会人寿引入中症疾病赔付理念 推出大都保健康保障计划,http://3g.gtja.com/share/NewsContent.jsp?docId=21232803,-,-,国泰君安证券-财经纵览,-,China,Undef regional,Chinese (simpl.),2556537,23647.96725,MetLife China,online
7/22/16,“MetLife金牌寿险规划师”杨佳萌――抓住人生的7次机会,http://wtt.wzaobao.com/p/2ccc8IT.html,-,-,微头条,-,China,-,Chinese (simpl.),0,0,MetLife China,online
7/12/16,大都会人寿保险-关爱天使,http://www.xue163.com/19990/13628/872233483843449252.html,-,-,中国学网,-,China,Beijing,Chinese (simpl.),12707899,117548.0658,MetLife China,online
7/12/16,大都会人寿借浦发银行的名义给我电话推销了一份保险，电话解除合约后拖了10天，多扣一期保费才给我终止,http://www.xue163.com/19990/13628/1367433302153922819.html,-,-,中国学网,-,China,Beijing,Chinese (simpl.),12707899,117548.0658,MetLife China,online
7/9/16,大都会人寿推出“都会安康恶性肿瘤医疗保险”,http://news.tuxi.com.cn/news/119999990122522/25222252.html,-,-,突袭新闻,-,China,Undef regional,Chinese (simpl.),3503173,32404.35025,MetLife China,online
7/21/16,关于张四光任职资格的批复,http://finance.haiwainet.cn/n/2016/0721/c352345-30114823.html,-,-,海外网,-,China,Undef regional,Chinese (simpl.),43436743,401789.8728,MetLife China,online
7/20/16,江苏首届“最赞保险团队”评选结果出炉,http://finance.ifeng.com/a/20160720/14616849_0.shtml,-,-,凤凰网-财经,-,China,Beijing,Chinese (simpl.),48175827,445626.3998,MetLife China,online
7/20/16,江苏首届“最赞保险团队”评选结果出炉,http://www.kaixian.tv/gd/2016/0720/291939.html,-,-,汉丰网,-,China,Undef regional,Chinese (simpl.),1118361,10344.83925,MetLife China,online
7/20/16,江苏首届“最赞保险团队”评选结果出炉,http://njrb.njdaily.cn/njrb/html/2016-07/20/content_200884.htm,-,-,南京日报,-,China,Jiangsu,Chinese (simpl.),881702,8155.7435,MetLife China,online
7/12/16,"浦发信用卡中心与中美联泰大都会人寿保险有限公司欺骗,求助！",http://www.xue163.com/19990/13628/496467482600413164.html,-,-,中国学网,-,China,Beijing,Chinese (simpl.),12707899,117548.0658,MetLife China,online
7/12/16,属于中美大都会人寿公司，做银行理财产品电话销售这个岗位的，待遇怎么样啊，谢谢哪位了解的在职人员回答,http://www.xue163.com/19990/13628/360894371178197572.html,-,-,中国学网,-,China,Beijing,Chinese (simpl.),12707899,117548.0658,MetLife China,online
7/12/16,谁在重庆中美联泰大都会人寿保险公司上过班啊？工资、休假怎么样啊,http://www.xue163.com/19990/13628/587917723.html,-,-,中国学网,-,China,Beijing,Chinese (simpl.),12707899,117548.0658,MetLife China,online
7/12/16,"我今年21,月薪3000,想买一份具有储蓄功能分红保险,类似于中美大都会人寿中的吉祥无忧险,请高手指点.",http://www.xue163.com/19990/13628/157362231.html,-,-,中国学网,-,China,Beijing,Chinese (simpl.),12707899,117548.0658,MetLife China,online
7/12/16,我用交通银行信用卡购买胡大都会人寿保险，怎样终止保险合同,http://www.xue163.com/19990/13627/1703151202234623900.html,-,-,中国学网,-,China,Beijing,Chinese (simpl.),12707899,117548.0658,MetLife China,online
7/5/16,大都会人寿引入中症疾病赔付理念 推出大都保健康保障计划,http://insurance.hexun.com/2016-07-05/184759710.html,-,-,和讯保险,-,China,Beijing,Chinese (simpl.),268075,2479.69375,MetLife China,online
7/5/16,大都会人寿引入中症疾病赔付理念 推出大都保健康保障计划,http://info.cmbchina.com/Stock/Detail.aspx?channel=Mac&topic=HYDT&id=%7BE99A0C6F-42F7-4409-8E7F-66B0DC12ABA0%7D,-,-,招商银行,-,China,Undef regional,Chinese (simpl.),17759664,164276.892,MetLife China,online
7/12/16,中美大都会人寿270元/月交5年,http://www.xue163.com/19990/13628/115794358.html,-,-,中国学网,-,China,Beijing,Chinese (simpl.),12707899,117548.0658,MetLife China,online
7/12/16,中美大都会人寿保险公司,http://www.xue163.com/19990/13628/47455510.html,-,-,中国学网,-,China,Beijing,Chinese (simpl.),12707899,117548.0658,MetLife China,online
7/6/16,引入“中症疾病”赔付理念 构筑“轻+中+重”三重屏障,http://www.bjdsw.cn/html/2016/qiqu_0706/73922.html,_ 上海2016年7月6日电 /美通社/ --...,-,北京都市网,-,China,Undef regional,Chinese (simpl.),0,0,MetLife China,online
7/5/16,引入“中症疾病”_付理念 __“_+中+重”三重屏障,http://www.chineseworldnet.com/cn/stock/financeNewsGroup/pr_news_cn/3497730,（本_目_容由 美通社_洲 提供）\n\n上海2016年7月6日_ /美通社/ --...,-,环球财经(繁体),-,China,-,Chinese (trad.),0,0,MetLife China,online
7/21/16,关于张四光任职资格的批复,http://money.163.com/16/0721/09/BSG4M8CE00253B0H.html,（原标题：关于张四光任职资格的批复）\n\n连保监许可〔2016〕96号\n\n中美联泰大都会人寿保险有限公司：...,-,网易财经,-,China,Undef regional,Chinese (simpl.),16695151,154430.1468,MetLife China,online
7/11/16,引入“中症疾病”赔付理念 构筑“轻+中+重”三重屏障,http://money.163.com/16/0711/11/BRMIPCHI00253B0H.html,（原标题：引入“中症疾病”赔付理念 构筑“轻+中+重”三重屏障）\n\n-大都会人寿推出“大都保健康保障计划”\n\n上海2016年7月6日电--...,-,网易财经,-,China,Undef regional,Chinese (simpl.),16695151,154430.1468,MetLife China,online
7/15/16,银保联姻信用卡：降低展业成本、互相导流,http://www.ieforex.com/yinh/20160715/1047366.html,“对于保险公司，将保险产品附加在信用卡上，可以增加客户规模，有效减少营销成本，提高知名度；对于银行，与保险公司合作为自己赢得了保险市场客户，既扩大了信用卡的发卡量，也能够分享到保险公司的客户资源。此外，保险产品的加入丰富了信用卡的功能，为持卡人带来...,-,易汇资讯网,-,China,Beijing,Chinese (simpl.),0,0,MetLife China,online
7/15/16,银保联姻信用卡：降低展业成本、互相导流,http://mt.sohu.com/20160715/n459433606.shtml,“对于保险公司，将保险产品附加在信用卡上，可以增加客户规模，有效减少营销成本，提高知名度;对于银行，与保险公司合作为自己赢得了保险市场客户，既扩大了信用卡的发卡量，也能够分享到保险公司的客户资源。此外，保险产品的加入丰富了信用卡的功能，为持卡人带来了更多的利益。”...,-,搜狐媒体平台 - 财经,-,China,Undef regional,Chinese (simpl.),91644806,847714.4555,MetLife China,online
7/15/16,银保联姻信用卡：降低展业成本 互相导流,http://www.p5w.net/money/yhzx/201607/t20160715_1518915.htm,“对于保险公司，将保险产品附加在信用卡上，可以增加客户规模，有效减少营销成本，提高知名度；对于银行，与保险公司合作为自己赢得了保险市场客户，既扩大了信用卡的发卡量，也能够分享到保险公司的客户资源。此外，保险产品的加入丰富了信用卡的功能，为持卡人带来了更多的利益。”...,-,全景网,李致鸿,China,Guangdong,Chinese (simpl.),1627348,15052.969,MetLife China,online
7/15/16,银保联姻信用卡:降低展业成本互相导流,http://caifu.cnstock.com/fortune/sft_yh/tyh_yhxykzx/201607/3844611.htm,“对于保险公司，将保险产品附加在信用卡上，可以增加客户规模，有效减少营销成本，提高知名度；对于银行，与保险公司合作为自己赢得了保险市场客户，既扩大了信用卡的发卡量，也能够分享到保险公司的客户资源。此外，保险产品的加入丰富了信用卡的功能，为持卡人带来了更多的利益。”...,-,中国证券网,作者：,China,Shanghai,Chinese (simpl.),1732419,16024.87575,MetLife China,online
7/15/16,银保联姻信用卡:降低展业成本互相导流,http://roll.sohu.com/20160715/n459411297.shtml,“对于保险公司，将保险产品附加在信用卡上，可以增加客户规模，有效减少营销成本，提高知名度；对于银行，与保险公司合作为自己赢得了保险市场客户，既扩大了信用卡的发卡量，也能够分享到保险公司的客户资源。此外，保险产品的加入丰富了信用卡的功能，为持卡人带来了更多的利益。”...,-,证券新闻滚动_搜狐资讯-搜狐滚动,-,China,Beijing,Chinese (simpl.),7883526,72922.6155,MetLife China,online
7/15/16,银保联姻信用卡:降低展业成本互相导流,http://52yueyu.com/yaya/124173.html,“对于保险公司，将保险产品附加在信用卡上，可以增加客户规模，有效减少营销成本，提高知名度；对于银行，与保险公司合作为自己赢得了保险市场客户，既扩大了信用卡的发卡量，也能够分享到保险公司的客户资源。此外，保险产品的加入丰富了信用卡的功能，为持卡人带来了更多的利益。”...,-,文中人新闻网,-,China,-,Chinese (simpl.),0,0,MetLife China,online
7/22/16,2016年最新《财富》世界500强保险行业排行榜,http://wtt.wzaobao.com/p/26cc88o.html,“世界500强”，是中国人对美国财富杂志每年评选的“全球最大五百家公司”排行榜的一种*约定俗成的叫法。...,-,微头条,-,China,-,Chinese (simpl.),0,0,MetLife China,online
7/13/16,《业界动向》香港大都会人寿首季业务年增逾倍，目标聘千财策顾问-基金新闻,http://fund.etnet.com.cn/fund-news/260713622.htm,《环富通基金频道１３日专讯》ＭｅｔＬｉｆｅ全资附属香港大都会人寿公布，２０１６财\n年首季录得１１６％的按年业务增长，成为保险市场增长率最高的人寿保险公司之一。公司亦录\n得１５０％的按年保险代理团队增长及超过４８倍的按年保险经纪业务增长。...,-,经济通,-,China,Guangdong,Chinese (simpl.),211124,1952.897,MetLife China,online
7/13/16,《业界动向》香港大都会人寿首季业务年增逾倍，目标聘千财策顾问-即市新闻,http://news.etnet.com.cn/all-jishixinwen/260713622.htm,《环富通基金频道１３日专讯》ＭｅｔＬｉｆｅ全资附属香港大都会人寿公布，２０１６财\n年首季录得１１６％的按年业务增长，成为保险市场增长率最高的人寿保险公司之一。公司亦录\n得１５０％的按年保险代理团队增长及超过４８倍的按年保险经纪业务增长。...,-,经济通,-,China,Guangdong,Chinese (simpl.),211124,1952.897,MetLife China,online
7/13/16,《业界动向》香港大都会人寿首季业务年增逾倍，目标聘千财策顾问,http://data.tsci.com.cn/News/HTM/20160713/1000718658.htm,《环富通基金频道１３日专讯》ＭｅｔＬｉｆｅ全资附属香港大都会人寿公布，２０１６财年首季录得１１６％的按年业务增长，成为保险市场增长率最高的人寿保险公司之一。公司亦录得１５０％的按年保险代理团队增长及超过４８倍的按年保险经纪业务增长。...,-,捷利深度数据中心,来源：经济通 原_链接,China,Undef regional,Chinese (simpl.),0,0,MetLife China,online
7/25/16,“劳伦斯魔咒”背后的经济学原理,http://news.dahe.cn/2016/07-25/107211558.html,《魔咒与契机：中国经济新坐标》，黄卫平、丁凯、赖明明等著，中国人民大学出版社出版...,-,河南要闻-大河网,-,China,Undef regional,Chinese (simpl.),4276285,39555.63625,MetLife China,online
7/25/16,“劳伦斯魔咒”背后的经济学原理,http://www.jfdaily.com/guonei/new/201607/t20160725_2370788.html,《魔咒与契机：中国经济新坐标》，黄卫平、丁凯、赖明明等著，中国人民大学出版社出版...,-,上海解放日报,-,China,Shanghai,Chinese (simpl.),1410086,13043.2955,MetLife China,online
7/25/16,“劳伦斯魔咒”背后的经济学原理,http://www.rmlt.com.cn/2016/0725/434214.shtml,《魔咒与契机：中国经济新坐标》，黄卫平、丁凯、赖明明等著，中国人民大学出版社出版...,-,人民论坛网,-,China,Undef regional,Chinese (simpl.),480992,4449.176,MetLife China,online
7/25/16,“劳伦斯魔咒”背后的经济学原理,http://bjrb.bjd.com.cn/html/2016-07/25/content_52769.htm,《魔咒与契机：中国经济新坐标》，黄卫平、丁凯、赖明明等著，中国人民大学出版社出版...,-,北京日报,-,China,Beijing,Chinese (simpl.),796341,7366.15425,MetLife China,online
7/25/16,“劳伦斯魔咒”背后的经济学原理-中国社会科学网 论 坛 人文社区 博 客 客 户 端,http://www.cssn.cn/jjx/xk/jjx_lljjx/jjx_hgjjx/201607/t20160725_3134510.shtml,《魔咒与契机：中国经济新坐标》，黄卫平、丁凯、赖明明等著，中国人民大学出版社出版...,-,中国社会科学网,-,China,Beijing,Chinese (simpl.),5563502,51462.3935,MetLife China,online
7/5/16,"引入中症疾病赔付理念  大都会人寿推""大都保健康保障计划""",http://finance.china.com.cn/money/insurance/bxgsxw/20160705/3798040.shtml,"In the face of a lot of pressure, most modern people are sub-health.MetLife China launched “Dadubao health care plan” to introduce compensation concept of ""moderate degree of illness"" and build ""ailment+moderate+serious"" three protective walls for customers",,中国财经,,China,,,,,MetLife China,online
7/2/16,引入“中症疾病”赔付理念  构筑“轻+中+重”三重屏障,http://www.djw51.com/zonghe/20160707/256866.html,"In the face of a lot of pressure, most modern people are sub-health.MetLife China launched “Dadubao health care plan” to introduce compensation concept of ""moderate degree of illness"" and build ""ailment+moderate+serious"" three protective walls for customers",,大今网,,China,,,,,MetLife China,online
7/8/16,健康早规划  重疾不沉重   ,http://www.cqrb.cn/html/cqrb/2016-07/08/015/content_139210.htm,"In the face of a lot of pressure, most modern people are sub-health.MetLife China launched “Dadubao health care plan” to introduce compensation concept of ""moderate degree of illness"" and build ""ailment+moderate+serious"" three protective walls for customers",,重庆日报,,China,,,,,MetLife China,online
7/2/16,引入“中症疾病”赔付理念  构筑“轻+中+重”三重屏障,http://www.055114.com/sxun/20160707/333583.html,"In the face of a lot of pressure, most modern people are sub-health.MetLife China launched “Dadubao health care plan” to introduce compensation concept of ""moderate degree of illness"" and build ""ailment+moderate+serious"" three protective walls for customers",,太明网,,China,,,,,MetLife China,online
7/5/16,引入“中症疾病”赔付理念  构筑“轻+中+重”三重屏障,http://www.sharesinv.com/zh/articles/PR50242/,"In the face of a lot of pressure, most modern people are sub-health.MetLife China launched “Dadubao health care plan” to introduce compensation concept of ""moderate degree of illness"" and build ""ailment+moderate+serious"" three protective walls for customers",,股市资讯,,China,,,,,MetLife China,online
7/6/16,引入“中症疾病”赔付理念  构筑“轻+中+重”三重屏障,http://www.txweekly.com/prnasia.html?doc=201607052100PR_NEWS_ASPR_____ZH39320&dir=20,"In the face of a lot of pressure, most modern people are sub-health.MetLife China launched “Dadubao health care plan” to introduce compensation concept of ""moderate degree of illness"" and build ""ailment+moderate+serious"" three protective walls for customers",,《财经天下》网,,China,,,,,MetLife China,online
7/6/16,引入“中症疾病”赔付理念  构筑“轻+中+重”三重屏障,http://www.cmmo.cn/t/mtnews/?doc=201607052100PR_NEWS_ASPR_____ZH39320&dir=20,"In the face of a lot of pressure, most modern people are sub-health.MetLife China launched “Dadubao health care plan” to introduce compensation concept of ""moderate degree of illness"" and build ""ailment+moderate+serious"" three protective walls for customers",,《销售与市场》网,,China,,,,,MetLife China,online
7/6/16,引入“中症疾病”赔付理念  构筑“轻+中+重”三重屏障,http://www.kaidianbang.com/zixun/108984.html,"In the face of a lot of pressure, most modern people are sub-health.MetLife China launched “Dadubao health care plan” to introduce compensation concept of ""moderate degree of illness"" and build ""ailment+moderate+serious"" three protective walls for customers",,《创业邦》开店帮,,China,,,,,MetLife China,online
7/6/16,引入“中症疾病”赔付理念  构筑“轻+中+重”三重屏障,http://m.chinaso.com/article.html?nid=http://www.prnasia.com/story/archive/1739320_ZH39320_1,"In the face of a lot of pressure, most modern people are sub-health.MetLife China launched “Dadubao health care plan” to introduce compensation concept of ""moderate degree of illness"" and build ""ailment+moderate+serious"" three protective walls for customers",,中国搜索,,China,,,,,MetLife China,online
7/6/16,引入“中症疾病”赔付理念  构筑“轻+中+重”三重屏障,http://www.hothuati.com/topic/share/2976180274/,"In the face of a lot of pressure, most modern people are sub-health.MetLife China launched “Dadubao health care plan” to introduce compensation concept of ""moderate degree of illness"" and build ""ailment+moderate+serious"" three protective walls for customers",,热门话题客户端,,China,,,,,MetLife China,online
7/6/16,引入“中症疾病”赔付理念  构筑“轻+中+重”三重屏障,http://api2.souyue.mobi/d3api2/webdata/urlContent.groovy?keyword=&srpId=&url=http://www.prnasia.com/story/archive/1739320_ZH39320_1,"In the face of a lot of pressure, most modern people are sub-health.MetLife China launched “Dadubao health care plan” to introduce compensation concept of ""moderate degree of illness"" and build ""ailment+moderate+serious"" three protective walls for customers",,中搜搜悦新闻客户端,,China,,,,,MetLife China,online
7/6/16,引入“中症疾病”赔付理念  构筑“轻+中+重”三重屏障,http://www.blogweekly.com.cn/shishizixun/?doc=201607052100PR_NEWS_ASPR_____ZH39320&dir=20,"In the face of a lot of pressure, most modern people are sub-health.MetLife China launched “Dadubao health care plan” to introduce compensation concept of ""moderate degree of illness"" and build ""ailment+moderate+serious"" three protective walls for customers",,《博客天下》网,,China,,,,,MetLife China,online
7/6/16,引入“中症疾病”赔付理念  构筑“轻+中+重”三重屏障,http://www.exread.com/article/show/K21xLY2xdWsW4oGHVAzAImmStx8,"In the face of a lot of pressure, most modern people are sub-health.MetLife China launched “Dadubao health care plan” to introduce compensation concept of ""moderate degree of illness"" and build ""ailment+moderate+serious"" three protective walls for customers",,睿读,,China,,,,,MetLife China,online
7/6/16,引入“中症疾病”赔付理念  构筑“轻+中+重”三重屏障,http://www.chengduvip.cn/news/meitoshi.html?rkey=20160705ZH39320&filter=5983,"In the face of a lot of pressure, most modern people are sub-health.MetLife China launched “Dadubao health care plan” to introduce compensation concept of ""moderate degree of illness"" and build ""ailment+moderate+serious"" three protective walls for customers",,财富成都,,China,,,,,MetLife China,online
7/6/16,引入“中症疾病”赔付理念  构筑“轻+中+重”三重屏障,http://www .xndushi.com/guonei/14327.html,"In the face of a lot of pressure, most modern people are sub-health.MetLife China launched “Dadubao health care plan” to introduce compensation concept of ""moderate degree of illness"" and build ""ailment+moderate+serious"" three protective walls for customers",,西南网,,China,,,,,MetLife China,online
7/6/16,引入“中症疾病”赔付理念  构筑“轻+中+重”三重屏障,http://www.skxox.com/20160706/2132243303.html,"In the face of a lot of pressure, most modern people are sub-health.MetLife China launched “Dadubao health care plan” to introduce compensation concept of ""moderate degree of illness"" and build ""ailment+moderate+serious"" three protective walls for customers",,云同盟,,China,,,,,MetLife China,online
7/6/16,引入“中症疾病”赔付理念  构筑“轻+中+重”三重屏障,http://gd.ccwqtv.com/a/201607/113882.html,"In the face of a lot of pressure, most modern people are sub-health.MetLife China launched “Dadubao health care plan” to introduce compensation concept of ""moderate degree of illness"" and build ""ailment+moderate+serious"" three protective walls for customers",,百姓生活,,China,,,,,MetLife China,online
7/6/16,引入“中症疾病”赔付理念  构筑“轻+中+重”三重屏障,http://www.zikoo.com/news/57avkwp7b.html,"In the face of a lot of pressure, most modern people are sub-health.MetLife China launched “Dadubao health care plan” to introduce compensation concept of ""moderate degree of illness"" and build ""ailment+moderate+serious"" three protective walls for customers",,智库在线,,China,,,,,MetLife China,online
7/6/16,引入“中症疾病”赔付理念  构筑“轻+中+重”三重屏障,http://www.ppnews.cn/a/prnasia/?doc=201607052100PR_NEWS_ASPR_____ZH39320&dir=20,"In the face of a lot of pressure, most modern people are sub-health.MetLife China launched “Dadubao health care plan” to introduce compensation concept of ""moderate degree of illness"" and build ""ailment+moderate+serious"" three protective walls for customers",,品评新闻网,,China,,,,,MetLife China,online
7/6/16,引入“中症疾病”赔付理念  构筑“轻+中+重”三重屏障,http://www.prnasia.com/story/archive/1739320_ZH39320_1,"In the face of a lot of pressure, most modern people are sub-health.MetLife China launched “Dadubao health care plan” to introduce compensation concept of ""moderate degree of illness"" and build ""ailment+moderate+serious"" three protective walls for customers",,美通社,,China,,,,,MetLife China,online
7/6/16,引入“中症疾病”赔付理念  构筑“轻+中+重”三重屏障,http://www.yigoonet.com/article/1330433.html,"In the face of a lot of pressure, most modern people are sub-health.MetLife China launched “Dadubao health care plan” to introduce compensation concept of ""moderate degree of illness"" and build ""ailment+moderate+serious"" three protective walls for customers",,医谷,,China,,,,,MetLife China,online
7/6/16,引入“中症疾病”赔付理念  构筑“轻+中+重”三重屏障,http://www.hc3i.cn/zhuanti/UBM/?doc=201607052100PR_NEWS_ASPR_____ZH39320&dir=20,"In the face of a lot of pressure, most modern people are sub-health.MetLife China launched “Dadubao health care plan” to introduce compensation concept of ""moderate degree of illness"" and build ""ailment+moderate+serious"" three protective walls for customers",,中国数字医疗网,,China,,,,,MetLife China,online
7/6/16,引入“中症疾病”赔付理念  构筑“轻+中+重”三重屏障,http://www.bio1000.com/prnasia.html?doc=201607052100PR_NEWS_ASPR_____ZH39320&dir=20,"In the face of a lot of pressure, most modern people are sub-health.MetLife China launched “Dadubao health care plan” to introduce compensation concept of ""moderate degree of illness"" and build ""ailment+moderate+serious"" three protective walls for customers",,生物帮,,China,,,,,MetLife China,online
7/6/16,引入“中症疾病”赔付理念  构筑“轻+中+重”三重屏障,http://www .sunyet.com/biol/a/n1084353.html,"In the face of a lot of pressure, most modern people are sub-health.MetLife China launched “Dadubao health care plan” to introduce compensation concept of ""moderate degree of illness"" and build ""ailment+moderate+serious"" three protective walls for customers",,神农山药网,,China,,,,,MetLife China,online
7/6/16,引入“中症疾病”赔付理念  构筑“轻+中+重”三重屏障,http://www.cnwn365.com/article-23315-1.html,"In the face of a lot of pressure, most modern people are sub-health.MetLife China launched “Dadubao health care plan” to introduce compensation concept of ""moderate degree of illness"" and build ""ailment+moderate+serious"" three protective walls for customers",,皖南网,,China,,,,,MetLife China,online
7/6/16,引入“中症疾病”赔付理念  构筑“轻+中+重”三重屏障,http://biz.gzw.net/2016/0706/1160046.shtml,"In the face of a lot of pressure, most modern people are sub-health.MetLife China launched “Dadubao health care plan” to introduce compensation concept of ""moderate degree of illness"" and build ""ailment+moderate+serious"" three protective walls for customers",,贵州网,,China,,,,,MetLife China,online
7/6/16,引入“中症疾病”赔付理念  构筑“轻+中+重”三重屏障,http://www.zhongbunet.com/health/med/2016/0706/373209.html,"In the face of a lot of pressure, most modern people are sub-health.MetLife China launched “Dadubao health care plan” to introduce compensation concept of ""moderate degree of illness"" and build ""ailment+moderate+serious"" three protective walls for customers",,中部新闻网,,China,,,,,MetLife China,online
7/6/16,引入“中症疾病”赔付理念  构筑“轻+中+重”三重屏障,http://www.jjjnews.cn/PRNEWS/20160706/11174.html,"In the face of a lot of pressure, most modern people are sub-health.MetLife China launched “Dadubao health care plan” to introduce compensation concept of ""moderate degree of illness"" and build ""ailment+moderate+serious"" three protective walls for customers",,京津冀网,,China,,,,,MetLife China,online
7/6/16,引入“中症疾病”赔付理念  构筑“轻+中+重”三重屏障,http://www.ejiangsu.com.cn/health/med/2016/0706/373202.html,"In the face of a lot of pressure, most modern people are sub-health.MetLife China launched “Dadubao health care plan” to introduce compensation concept of ""moderate degree of illness"" and build ""ailment+moderate+serious"" three protective walls for customers",,中国江苏在线,,China,,,,,MetLife China,online
7/6/16,引入“中症疾病”赔付理念  构筑“轻+中+重”三重屏障,http://www.bjdsw.cn/html/2016/qiqu_0706/73922.html,"In the face of a lot of pressure, most modern people are sub-health.MetLife China launched “Dadubao health care plan” to introduce compensation concept of ""moderate degree of illness"" and build ""ailment+moderate+serious"" three protective walls for customers",,北京都市网,,China,,,,,MetLife China,online
7/6/16,引入“中症疾病”赔付理念  构筑“轻+中+重”三重屏障,http://www.huabei163.com/article-49868-1.html,"In the face of a lot of pressure, most modern people are sub-health.MetLife China launched “Dadubao health care plan” to introduce compensation concept of ""moderate degree of illness"" and build ""ailment+moderate+serious"" three protective walls for customers",,华北信息港,,China,,,,,MetLife China,online
7/6/16,引入“中症疾病”赔付理念  构筑“轻+中+重”三重屏障,http://www.huadong163.com/article-57761-1.html,"In the face of a lot of pressure, most modern people are sub-health.MetLife China launched “Dadubao health care plan” to introduce compensation concept of ""moderate degree of illness"" and build ""ailment+moderate+serious"" three protective walls for customers",,华东信息港,,China,,,,,MetLife China,online
7/6/16,引入“中症疾病”赔付理念  构筑“轻+中+重”三重屏障,http://www.xibei163.com/article-53115-1.html,"In the face of a lot of pressure, most modern people are sub-health.MetLife China launched “Dadubao health care plan” to introduce compensation concept of ""moderate degree of illness"" and build ""ailment+moderate+serious"" three protective walls for customers",,西北信息港,,China,,,,,MetLife China,online
7/6/16,引入“中症疾病”赔付理念  构筑“轻+中+重”三重屏障,http://www.xinan163.cn/article-53686-1.html,"In the face of a lot of pressure, most modern people are sub-health.MetLife China launched “Dadubao health care plan” to introduce compensation concept of ""moderate degree of illness"" and build ""ailment+moderate+serious"" three protective walls for customers",,西南信息港,,China,,,,,MetLife China,online
7/6/16,引入“中症疾病”赔付理念  构筑“轻+中+重”三重屏障,http://www.dongbei163.com/article-49061-1.html,"In the face of a lot of pressure, most modern people are sub-health.MetLife China launched “Dadubao health care plan” to introduce compensation concept of ""moderate degree of illness"" and build ""ailment+moderate+serious"" three protective walls for customers",,东北信息港,,China,,,,,MetLife China,online
7/6/16,引入“中症疾病”赔付理念  构筑“轻+中+重”三重屏障,http://www.bigsichuan.com/health/med/2016/0706/531009.html,"In the face of a lot of pressure, most modern people are sub-health.MetLife China launched “Dadubao health care plan” to introduce compensation concept of ""moderate degree of illness"" and build ""ailment+moderate+serious"" three protective walls for customers",,大四川,,China,,,,,MetLife China,online
7/6/16,引入“中症疾病”赔付理念  构筑“轻+中+重”三重屏障,http://ibandao.cn/health/med/2016/0706/385374.html,"In the face of a lot of pressure, most modern people are sub-health.MetLife China launched “Dadubao health care plan” to introduce compensation concept of ""moderate degree of illness"" and build ""ailment+moderate+serious"" three protective walls for customers",,半岛新闻网,,China,,,,,MetLife China,online
7/6/16,引入“中症疾病”赔付理念  构筑“轻+中+重”三重屏障,http://www.551600.net/article-8785-1.html,"In the face of a lot of pressure, most modern people are sub-health.MetLife China launched “Dadubao health care plan” to introduce compensation concept of ""moderate degree of illness"" and build ""ailment+moderate+serious"" three protective walls for customers",,大方网,,China,,,,,MetLife China,online
7/6/16,引入“中症疾病”赔付理念  构筑“轻+中+重”三重屏障,http://prnasia.lofter.com/post/1425e3_b95df1f,"In the face of a lot of pressure, most modern people are sub-health.MetLife China launched “Dadubao health care plan” to introduce compensation concept of ""moderate degree of illness"" and build ""ailment+moderate+serious"" three protective walls for customers",,网易 Lofter,,China,,,,,MetLife China,online
7/6/16,引入“中症疾病”赔付理念  构筑“轻+中+重”三重屏障,http://prnasia.blog.hexun.com/106922854_d.html,"In the face of a lot of pressure, most modern people are sub-health.MetLife China launched “Dadubao health care plan” to introduce compensation concept of ""moderate degree of illness"" and build ""ailment+moderate+serious"" three protective walls for customers",,和讯博客,,China,,,,,MetLife China,online
7/6/16,引入“中症疾病”赔付理念  构筑“轻+中+重”三重屏障,http://blog.sina.com.cn/s/blog_624a4d490102x6bj.html,"In the face of a lot of pressure, most modern people are sub-health.MetLife China launched “Dadubao health care plan” to introduce compensation concept of ""moderate degree of illness"" and build ""ailment+moderate+serious"" three protective walls for customers",,新浪博客,,China,,,,,MetLife China,online
7/6/16,引入“中症疾病”赔付理念  构筑“轻+中+重”三重屏障,http://prnewswireasia.blog.163.com/blog/static/1285725822016669324106,"In the face of a lot of pressure, most modern people are sub-health.MetLife China launched “Dadubao health care plan” to introduce compensation concept of ""moderate degree of illness"" and build ""ailment+moderate+serious"" three protective walls for customers",,网易博客,,China,,,,,MetLife China,online
7/7/16,引入“中症疾病”赔付理念  构筑“轻+中+重”三重屏障,http://www.labbase.net/News/ShowNewsDetails-1-19-6C3FCD09EF06602E.html,"In the face of a lot of pressure, most modern people are sub-health.MetLife China launched “Dadubao health care plan” to introduce compensation concept of ""moderate degree of illness"" and build ""ailment+moderate+serious"" three protective walls for customers",,来宝网,,China,,,,,MetLife China,online
7/7/16,引入“中症疾病”赔付理念  构筑“轻+中+重”三重屏障,http://www.zhongnan163.com/article-66165-1.html,"In the face of a lot of pressure, most modern people are sub-health.MetLife China launched “Dadubao health care plan” to introduce compensation concept of ""moderate degree of illness"" and build ""ailment+moderate+serious"" three protective walls for customers",,中南信息港,,China,,,,,MetLife China,online
7/8/16,引入“中症疾病”赔付理念  构筑“轻+中+重”三重屏障,http://www.gdnewsonline.com/health/med/2016/0706/396690.html,"In the face of a lot of pressure, most modern people are sub-health.MetLife China launched “Dadubao health care plan” to introduce compensation concept of ""moderate degree of illness"" and build ""ailment+moderate+serious"" three protective walls for customers",,中国广东新闻网,,China,,,,,MetLife China,online
7/8/16,引入“中症疾病”赔付理念  构筑“轻+中+重”三重屏障,http://insurance.cnfol.com/baoxiandongtai/20160708/23039497.shtml,"In the face of a lot of pressure, most modern people are sub-health.MetLife China launched “Dadubao health care plan” to introduce compensation concept of ""moderate degree of illness"" and build ""ailment+moderate+serious"" three protective walls for customers",,中金在线,,China,Fujian,Chinese (simpl.),13533514,125185.0045,MetLife China,online
7/9/16,引入“中症疾病”赔付理念  构筑“轻+中+重”三重屏障,http://www.dshxww.com/health/med/2016/0706/541574.html,"In the face of a lot of pressure, most modern people are sub-health.MetLife China launched “Dadubao health care plan” to introduce compensation concept of ""moderate degree of illness"" and build ""ailment+moderate+serious"" three protective walls for customers",,大上海,,China,,,,,MetLife China,online
7/10/16,引入“中症疾病”赔付理念  构筑“轻+中+重”三重屏障,http://chengduxww.com/health/med/2016/0706/363405.html,"In the face of a lot of pressure, most modern people are sub-health.MetLife China launched “Dadubao health care plan” to introduce compensation concept of ""moderate degree of illness"" and build ""ailment+moderate+serious"" three protective walls for customers",,成都新闻网,,China,,,,,MetLife China,online
7/5/16,大都会人寿推出“大都保健康保障计划”,http://chsh.sinoins.com/2016-07/05/content_200821.htm,"In the face of a lot of pressure, most modern people are sub-health.MetLife China launched “Dadubao health care plan” to introduce compensation concept of ""moderate degree of illness"" and build ""ailment+moderate+serious"" three protective walls for customers",,中保网,,China,,,,,MetLife China,online
7/5/16,大都会人寿推出“大都保健康保障计划”,http://kuaixun.stcn.com/2016/0705/12782802.shtml,"In the face of a lot of pressure, most modern people are sub-health.MetLife China launched “Dadubao health care plan” to introduce compensation concept of ""moderate degree of illness"" and build ""ailment+moderate+serious"" three protective walls for customers",,证券时报网,,China,Guangdong,Chinese (simpl.),858571,7941.78175,MetLife China,online
7/5/16,大都会人寿推出“大都保健康保障计划”,http://kuaixun.stcn.com/2016/0705/12782802.shtml,"In the face of a lot of pressure, most modern people are sub-health.MetLife China launched “Dadubao health care plan” to introduce compensation concept of ""moderate degree of illness"" and build ""ailment+moderate+serious"" three protective walls for customers",,证券时报网,,China,Guangdong,Chinese (simpl.),858571,7941.78175,MetLife China,online
7/5/16,大都会人寿推出“大都保健康保障计划”,http://www.mnc360.com/contentView.asp?id=2033,"In the face of a lot of pressure, most modern people are sub-health.MetLife China launched “Dadubao health care plan” to introduce compensation concept of ""moderate degree of illness"" and build ""ailment+moderate+serious"" three protective walls for customers",,中国经济信息,,China,,,,,MetLife China,online
7/8/16,大都会人寿推出“大都保健康保障计划”,http://wenhua.cjn.cn/dxxl/enterprise/201607/00038513.html,"In the face of a lot of pressure, most modern people are sub-health.MetLife China launched “Dadubao health care plan” to introduce compensation concept of ""moderate degree of illness"" and build ""ailment+moderate+serious"" three protective walls for customers",,财经网,,China,,,,,MetLife China,online
7/14/16,大都会人寿推出“大都保健康保障计划”,http://3g.163.com/ntes/special/0034073A/wechat_article.html?plg_nld=1&plg_vkey=1&docid=BRU3JK8O05199IUE&plg_auth=1&plg_uin=1&plg_dev=1&plg_nld=1&spss=newsapp&spsf=wx&plg_usr=1&spsw=1&spst=0,"In the face of a lot of pressure, most modern people are sub-health.MetLife China launched “Dadubao health care plan” to introduce compensation concept of ""moderate degree of illness"" and build ""ailment+moderate+serious"" three protective walls for customers",,网易新闻,,China,Undef regional,Chinese (simpl.),16695151,154430.1468,MetLife China,online
7/14/16,大都会人寿推出“大都保健康保障计划”,http://economy.lnd.com.cn/htm/2016-07/14/content_4444332.htm,"In the face of a lot of pressure, most modern people are sub-health.MetLife China launched “Dadubao health care plan” to introduce compensation concept of ""moderate degree of illness"" and build ""ailment+moderate+serious"" three protective walls for customers",,北国网,,China,,,,,MetLife China,online
7/14/16,大都会人寿推出“大都保健康保障计划”,http://ln.ifeng.com/a/20160714/4758653_0.shtml,"In the face of a lot of pressure, most modern people are sub-health.MetLife China launched “Dadubao health care plan” to introduce compensation concept of ""moderate degree of illness"" and build ""ailment+moderate+serious"" three protective walls for customers",,凤凰辽宁,,China,,Chinese (simpl.),48175827,445626.3998,MetLife China,online
7/15/16,大都会人寿推出“大都保健康保障计划”,"http://www.shfinancialnews.com/xww/2009jrb/node5019/node5051/node5055/userobject1ai164443.html","In the face of a lot of pressure, most modern people are sub-health.MetLife China launched “Dadubao health care plan” to introduce compensation concept of ""moderate degree of illness"" and build ""ailment+moderate+serious"" three protective walls for customers",,上海金融报,,China,Shanghai,Chinese (simpl.),0,0,MetLife China,online
7/5/16,大都会人寿引入中症疾病赔付理念  推出大都保健康保障计划,http://stock.hexun.com/2016-07-05/184761908.html,"In the face of a lot of pressure, most modern people are sub-health.MetLife China launched “Dadubao health care plan” to introduce compensation concept of ""moderate degree of illness"" and build ""ailment+moderate+serious"" three protective walls for customers",,和讯保险,,China,Beijing,Chinese (simpl.),268075,2479.69375,MetLife China,online
7/2/16,引入“中症疾病”赔付理念  构筑“轻+中+重”三重屏障,http://www.xinjie88.com/sxun/20160707/316671.html,"In the face of a lot of pressure, most modern people are sub-health.MetLife China launched “Dadubao health care plan” to introduce compensation concept of ""moderate degree of illness"" and build ""ailment+moderate+serious"" three protective walls for customers.",,新界日报网,,China,,,,,MetLife China,online
7/5/16,引入“中症疾病”赔付理念  构筑“轻+中+重”三重屏障,http://www.sino-manager.com/19771.html,"In the face of a lot of pressure, most modern people are sub-health.MetLife China launched “Dadubao health care plan” to introduce compensation concept of ""moderate degree of illness"" and build ""ailment+moderate+serious"" three protective walls for customers",,《经理人》网,,China,,,,,MetLife China,online
7/5/16,引入“中症疾病”赔付理念  构筑“轻+中+重”三重屏障,http://news.china.com.cn/live/2016-07/05/content_36424125.htm,"In the face of a lot of pressure, most modern people are sub-health.MetLife China launched “Dadubao health care plan” to introduce compensation concept of ""moderate degree of illness"" and build ""ailment+moderate+serious"" three protective walls for customers",,中国网,,China,,,,,MetLife China,online
7/5/16,引入“中症疾病”赔付理念  构筑“轻+中+重”三重屏障,http://mt.sohu.com/20160705/n457868808.shtml,"In the face of a lot of pressure, most modern people are sub-health.MetLife China launched “Dadubao health care plan” to introduce compensation concept of ""moderate degree of illness"" and build ""ailment+moderate+serious"" three protective walls for customers",,搜狐,,China,Undef regional,Chinese (simpl.),91644806,847714.4555,MetLife China,online
7/6/16,引入“中症疾病”赔付理念  构筑“轻+中+重”三重屏障,http://www.chinacbr.com/moshi/meitong/?doc=201607052100PR_NEWS_ASPR_____ZH39320&dir=20,"In the face of a lot of pressure, most modern people are sub-health.MetLife China launched “Dadubao health care plan” to introduce compensation concept of ""moderate degree of illness"" and build ""ailment+moderate+serious"" three protective walls for customers",,《商界评论》网,,China,,,,,MetLife China,online
7/6/16,引入“中症疾病”赔付理念  构筑“轻+中+重”三重屏障,http://media.sj998.com/meitong/?doc=201607052100PR_NEWS_ASPR_____ZH39320&dir=20,"In the face of a lot of pressure, most modern people are sub-health.MetLife China launched “Dadubao health care plan” to introduce compensation concept of ""moderate degree of illness"" and build ""ailment+moderate+serious"" three protective walls for customers",,商界招商网,,China,,,,,MetLife China,online
7/6/16,引入“中症疾病”赔付理念  构筑“轻+中+重”三重屏障,http://www.qyxw.net/a/jiankang/20160706/34068.html,"In the face of a lot of pressure, most modern people are sub-health.MetLife China launched “Dadubao health care plan” to introduce compensation concept of ""moderate degree of illness"" and build ""ailment+moderate+serious"" three protective walls for customers",,中国企业新闻中心网,,China,,,,,MetLife China,online
7/6/16,引入“中症疾病”赔付理念  构筑“轻+中+重”三重屏障,http://3g.k.sohu.com/t/n147189027,"In the face of a lot of pressure, most modern people are sub-health.MetLife China launched “Dadubao health care plan” to introduce compensation concept of ""moderate degree of illness"" and build ""ailment+moderate+serious"" three protective walls for customers",,手机搜狐,,China,Undef regional,Chinese (simpl.),91644806,847714.4555,MetLife China,online
7/6/16,引入“中症疾病”赔付理念  构筑“轻+中+重”三重屏障,,"In the face of a lot of pressure, most modern people are sub-health.MetLife China launched “Dadubao health care plan” to introduce compensation concept of ""moderate degree of illness"" and build ""ailment+moderate+serious"" three protective walls for customers",,新浪财经,,China,-,Chinese (simpl.),37462206,346525.4055,MetLife China,online
7/6/16,引入“中症疾病”赔付理念  构筑“轻+中+重”三重屏障,http://life.oeeee.com/ad/201607/06/403129.html,"In the face of a lot of pressure, most modern people are sub-health.MetLife China launched “Dadubao health care plan” to introduce compensation concept of ""moderate degree of illness"" and build ""ailment+moderate+serious"" three protective walls for customers",,奥一网,,China,,,,,MetLife China,online
7/6/16,引入“中症疾病”赔付理念  构筑“轻+中+重”三重屏障,http://caijing.chinadaily.com.cn/2016-07/06/content_25983681.htm,"In the face of a lot of pressure, most modern people are sub-health.MetLife China launched “Dadubao health care plan” to introduce compensation concept of ""moderate degree of illness"" and build ""ailment+moderate+serious"" three protective walls for customers",,中国日报网,,China,,,,,MetLife China,online
7/6/16,引入“中症疾病”赔付理念  构筑“轻+中+重”三重屏障,http://i.ifeng.com/sharenews.f?&fromType=vampire&aid=2792778,"In the face of a lot of pressure, most modern people are sub-health.MetLife China launched “Dadubao health care plan” to introduce compensation concept of ""moderate degree of illness"" and build ""ailment+moderate+serious"" three protective walls for customers",,凤凰新闻客户端,,China,Beijing,Chinese (simpl.),48175827,445626.3998,MetLife China,online
7/6/16,引入“中症疾病”赔付理念  构筑“轻+中+重”三重屏障,http://toutiao.com/i6304012909395575297/,"In the face of a lot of pressure, most modern people are sub-health.MetLife China launched “Dadubao health care plan” to introduce compensation concept of ""moderate degree of illness"" and build ""ailment+moderate+serious"" three protective walls for customers",,今日头条,,China,,,,,MetLife China,online
7/6/16,引入“中症疾病”赔付理念  构筑“轻+中+重”三重屏障,http://yuedu.163.com/news_reader/#/~/source?id=d963cfb56e794b819d3a97dda08f32e9_1&cid=8c9dfa65f98540599c4806507b6321f6_1,"In the face of a lot of pressure, most modern people are sub-health.MetLife China launched “Dadubao health care plan” to introduce compensation concept of ""moderate degree of illness"" and build ""ailment+moderate+serious"" three protective walls for customers",,网易云阅读,,China,Undef regional,Chinese (simpl.),16695151,154430.1468,MetLife China,online
7/6/16,引入“中症疾病”赔付理念  构筑“轻+中+重”三重屏障,http://wenhua.cjn.cn/dxxl/enterprise/201607/00038513.html,"In the face of a lot of pressure, most modern people are sub-health.MetLife China launched “Dadubao health care plan” to introduce compensation concept of ""moderate degree of illness"" and build ""ailment+moderate+serious"" three protective walls for customers",,长江网,,China,,,,,MetLife China,online
7/5/16,"引入中症疾病赔付理念  大都会人寿推""大都保健康保障计划""",http://ln.ifeng.com/a/20160714/4758653_0.shtml,"In the face of a lot of pressure, most modern people are sub-health.MetLife China launched “Dadubao health care plan” to introduce compensation concept of ""moderate degree of illness"" and build ""ailment+moderate+serious"" three protective walls for customers",,凤凰 ,,China,Beijing,Chinese (simpl.),48175827,445626.3998,MetLife China,online
7/20/16,江苏首届“最赞保险团队”评选结果出炉  ,http://njrb.njdaily.cn/njrb/html/2016-07/20/content_200884.htm,Jiangsu's best insurance team Award was announced. The Qingtian team from MetLife China was recognized.,,南京日报,,China,,,,,MetLife China,online
7/20/16,江苏首届“最赞保险团队”评选结果出炉  ,http://news.cqnews.net/html/2016-07/20/content_37760967.htm,Jiangsu's best insurance team Award was announced. The Qingtian team from MetLife China was recognized.,,华龙网 ,,China,,,,,MetLife China,online
7/20/16,江苏首届“最赞保险团队”评选结果出炉  ,http://news.gmw.cn/newspaper/2016-07/20/content_114359958.htm,Jiangsu's best insurance team Award was announced. The Qingtian team from MetLife China was recognized.,,光明网,,China,Beijing,Chinese (simpl.),69206730,640162.2525,MetLife China,online
7/20/16,江苏首届“最赞保险团队”评选结果出炉  ,http://finance.ifeng.com/a/20160720/14616849_0.shtml,Jiangsu's best insurance team Award was announced. The Qingtian team from MetLife China was recognized.,,凤凰网 ,,China,Beijing,Chinese (simpl.),48175827,445626.3998,MetLife China,online
7/8/16,MetLife Declares Third Quarter 2016 Common Stock Dividend,http://www.isvoc.com/2016070822923.html,"NEW YORK_(BUSINESS WIRE)_MetLife, Inc. (NYSE:MET) today announced that its board of directors has declared a third quarter 2016 common...",-,行业要闻存档,admin,China,-,English,0,0,MetLife China,online
7/21/16,财富世界500强公布 国内6家险企上榜,http://www.okbao.com/shijie/gongsiyaowen/2016/0721/501028.html,OK保险网 7月21日消息 2016年《财富》世界500强于7月20日晚间全球同步发布，其中，国内有6家保险公司上榜：平安（41）、国寿（54）、人保（119）、太保（251）、新华（427）、国泰（468）。...,-,OK保险网,-,China,Guangdong,Chinese (simpl.),0,0,MetLife China,online
7/17/16,第九届中国资管「金贝奖」盛大揭晓,http://stock.hexun.com/2016-07-17/184989507.html ,"On July 16, the 2016 golden shell Award was announced. MetLife China won the 2016 best customer service award.",,和讯,,China,Beijing,Chinese (simpl.),268075,2479.69375,MetLife China,online
7/17/16,第九届中国资管「金贝奖」盛大揭晓,http://finance.sina.com.cn/meeting/2016-07-17/doc-ifxuapvs8650201.shtml?qq-pf-to=pcqq.temporaryc2c,"On July 16, the 2016 golden shell Award was announced. MetLife China won the 2016 best customer service award.",,新浪 ,,China,-,Chinese (simpl.),37462206,346525.4055,MetLife China,online
7/8/16,大都会人寿建立“都会爱_当当图书角”,http://www.shfinancialnews.com/xww/2009jrb/node5019/node5036/node5050/userobject1ai163995.html,"Recently, MetLife China and DangDang establish book corners named Met-Love to provide a reading platform for MetLife  China staff and their children.",,上海金融报,,China,Shanghai,Chinese (simpl.),0,0,MetLife China,online
7/8/16,大都会人寿建立“都会爱_当当图书角”,http://insurance.cnfol.com/baoxiandongtai/20160708/23037136.shtml,"Recently, MetLife China and DangDang establish book corners named Met-Love to provide a reading platform for MetLife  China staff and their children.",,中金在线,,China,Fujian,Chinese (simpl.),13533514,125185.0045,MetLife China,online
7/8/16,大都会人寿建立“都会爱_当当图书角”,http://insurance.hexun.com/2016-07-08/184823297.html,"Recently, MetLife China and DangDang establish book corners named Met-Love to provide a reading platform for MetLife  China staff and their children.",,和讯,,China,Beijing,Chinese (simpl.),268075,2479.69375,MetLife China,online
7/8/16,MetLife Hong Kong Surges Ahead with Strong First-half Performance,http://en.prnasia.com/story/153775-0.shtml,"-Triple-digit growth makes MetLife one of the fastest growing life insurers in Hong Kong\n\nHONG KONG, July 8, 2016 /PRNewswire/ -- MetLife...",-,China PR News Distribution Agency,-,China,Undef regional,English,199979,1849.80575,MetLife China,online
7/20/16,江苏首届“最赞保险团队”评选结果出炉,http://tech.gmw.cn/newspaper/2016-07/20/content_114360056.htm,"url:http://njrb.njdaily.cn/njrb/html/2016-07/20/content_200884.htm,id:0...",-,光明网,[责任编辑:yfs001],China,Beijing,Chinese (simpl.),69206730,640162.2525,MetLife China,online
7/3/16,首都机场退出中美大都会人寿,http://news.tuxi.com.cn/news/119999990122486/24864097.html,保监会网站1日公告，同意首都机场集团公司持有的中美大都会人寿50%股权转让给上海联合投资有限公司。转让完成后，中美大都会人寿股东为美国大都会人寿保险公司和上海联合投资有限公司，双方各持有50%股权。 作者：丁冰(来源：中国证券报・中证网)搜狐证券声明：...,-,突袭新闻,-,China,Undef regional,Chinese (simpl.),3503173,32404.35025,MetLife China,online
7/8/16,大都会人寿建立“都会爱・当当图书角”,http://insurance.cnfol.com/baoxiandongtai/20160708/23037136.shtml,本报讯 (记者李茜)日前，中美联泰大都会人寿保险有限公司携手当当，在北上广三地建立“都会爱・当当图书角”，为大都会人寿中国员工及子女提供畅读的阅读平台。...,-,保险频道-中金在线,-,China,Fujian,Chinese (simpl.),13533514,125185.0045,MetLife China,online
7/8/16,大都会人寿建立“都会爱・当当图书角”,http://insurance.hexun.com/2016-07-08/184823297.html,本报讯 (记者李茜)日前，中美联泰大都会人寿保险有限公司携手当当，在北上广三地建立“都会爱・当当图书角”，为大都会人寿中国员工及子女提供畅读的阅读平台。...,-,和讯保险,-,China,Beijing,Chinese (simpl.),268075,2479.69375,MetLife China,online
7/8/16,大都会人寿建立“都会爱・当当图书角”,http://www.china-insurance.com/news-center/newslist.asp?id=266946,本报讯 (记者李茜)日前，中美联泰大都会人寿保险有限公司携手当当，在北上广三地建立“都会爱・当当图书角”，为大都会人寿中国员工及子女提供畅读的阅读平台。...,-,中国保险网,-,China,Beijing,Chinese (simpl.),0,0,MetLife China,online
7/8/16,大都会人寿建立“都会爱・当当图书角”,http://www.shfinancialnews.com/xww/2009jrb/node5019/node5036/node5050/userobject1ai163995.html,本报讯(记者李茜)日前，中美联泰大都会人寿保险有限公司携手当当，在北上广三地建立“都会爱・当当图书角”，为大都会人寿中国员工及子女提供畅读的阅读平台。...,-,上海金融报,-,China,Shanghai,Chinese (simpl.),0,0,MetLife China,online
7/15/16,大都会人寿推出“大都保健康保障计划”,http://www.shfinancialnews.com/xww/2009jrb/node5019/node5051/node5055/userobject1ai164443.html,本报讯\n\n(记者李茜)目前，防重疾于未然，已经成为人们迫切的需求。对此，中美联泰大都会人寿保险有限公司(以下简称“大都会人寿”)推出“大都保健康保障计划”，引入“中症疾病”赔付理念，形成“轻症＋中症＋重疾”三重保险屏障，为客户的健康状况提供“抢先一步”的关爱。...,-,上海金融报,-,China,Shanghai,Chinese (simpl.),0,0,MetLife China,online
7/15/16,大都会人寿推出“大都保健康保障计划”,http://insurance.hexun.com/2016-07-15/184944775.html,本报讯\n\n(记者李茜)目前，防重疾于未然，已经成为人们迫切的需求。对此，中美联泰大都会人寿保险有限公司(以下简称“大都会人寿”)推出“大都保健康保障计划”，引入“中症疾病”赔付理念，形成“轻症＋中症＋重疾”三重保险屏障，为客户的健康状况提供“抢先一步”的关爱。...,-,和讯保险,-,China,Beijing,Chinese (simpl.),268075,2479.69375,MetLife China,online
7/21/16,辉煌如过眼云烟 世界500强保险巨头潮起潮落,http://www.okbao.com/shijie/hangyedongtai/2016/0721/502804.html,本文由OK保险网原创 转载请注明出处\n\nOK保险网 7月21日 近日，2016年《财富》世界500强于7月20日晚间全球同步发布，今年全球共有35家以保险公司上榜，其中，国内有6家保险公司上榜。...,-,OK保险网,-,China,Guangdong,Chinese (simpl.),0,0,MetLife China,online
7/21/16,辉煌如过眼云烟 世界500强保险巨头潮起潮落,http://mt.sohu.com/20160721/n460356661.shtml,本文由OK保险网原创 转载请注明出处\n\nOK保险网 7月21日 近日，2016年《财富》世界500强于7月20日晚间全球同步发布，今年全球共有35家以保险公司上榜，其中，国内有6家保险公司上榜。...,-,搜狐媒体平台 - 理财,OK保险网,China,Undef regional,Chinese (simpl.),91644806,847714.4555,MetLife China,online
7/21/16,世界500强保险巨头潮起潮落,http://mt.sohu.com/20160721/n460353712.shtml,本文由OK保险网原创 转载请注明出处\n\nOK保险网 7月21日 近日，2016年《财富》世界500强于7月20日晚间全球同步发布，今年全球共有35家以保险公司上榜，其中，国内有6家保险公司上榜。...,-,搜狐媒体平台 - 理财,OK保险,China,Undef regional,Chinese (simpl.),91644806,847714.4555,MetLife China,online
7/21/16,财富世界500强公布 国内6家险企上榜,http://www.erhainews.com/n2172315.html,财富世界500强公布 国内6家险企上榜\n\nOK保险网 7月21日消息 2016年《财富》世界500强于7月20日晚间全球同步发布，其中，国内有6家保险公司上榜：平安（41）、国寿（54）、人保（119）、太保（251）、新华（427）、国泰（468）。...,-,洱海新闻网,-,China,-,Chinese (simpl.),0,0,MetLife China,online
7/10/16,2月14日 美股大都会人寿等公司公布财报,http://news.tuxi.com.cn/news/119999990122531/25316635.html,大都会人寿(MetLife Inc)中国工业股份有限公司（China Direct Industries Inc）Fossil（Fossil Inc）蒂森克虏伯股份公司（ThyssenKrupp AG）天津天药药业股份有限公司 (TIANJIN TIANYAO...,-,突袭新闻,-,China,Undef regional,English,3503173,32404.35025,MetLife China,online
7/28/16,张风香：《论语》中的保险销售,http://yx.sinoins.com/2016-07/28/content_203396.htm,大都会人寿北京分公司冠军团队经理 张风香...,-,中国保险报,-,China,Beijing,Chinese (simpl.),0,0,MetLife China,online
7/22/16,“MetLife金牌寿险规划师”杨佳萌――抓住人生的7次机会,http://www.wtoutiao.com/p/2ccc8IT.html,大都会人寿光环体系(gh_cc273752c5fe)\n\n查看原文 分享到微信 文章为作者独立观点，不代表微头条立场,-,微头条/微信聚合资讯,大都会人寿光环体系,China,Undef regional,Chinese (simpl.),5072902,46924.3435,MetLife China,online
7/6/16,引入“中症疾病”赔付理念 构筑“轻+中+重”三重屏障,http://gd.ccwqtv.com/a/201607/113882.html,大都会人寿推出“大都保健康保障计划”...,-,广东百姓生活新闻网,-,China,Undef regional,Chinese (simpl.),0,0,MetLife China,online
7/6/16,引入“中症疾病”赔付理念 构筑“轻+中+重”三重屏障,http://www.sino-manager.com/19771.html,大都会人寿推出“大都保健康保障计划”\n\n上海2016年7月6日电 /美通社/ --...,-,经理人网,-,China,Guangdong,Chinese (simpl.),32450,300.1625,MetLife China,online
7/6/16,引入“中症疾病”赔付理念 构筑“轻+中+重”三重屏障,http://www.prnasia.com/story/153535-1.shtml,-大都会人寿推出“大都保健康保障计划”\n\n上海2016年7月6日电 /美通社/ --...,-,美通社(亚洲),-,China,Beijing,Chinese (simpl.),150816,1395.048,MetLife China,online
7/6/16,引入“中症疾病”赔付理念 构筑“轻+中+重”三重屏障,http://www.qyxw.net/a/jiankang/20160706/34068.html,-大都会人寿推出“大都保健康保障计划”\n\n上海2016年7月6日电 /美通社/ --...,-,中国企业新闻中心网,-,China,Undef regional,Chinese (simpl.),0,0,MetLife China,online
7/7/16,引入“中症疾病”赔付理念 构筑“轻+中+重”三重屏障,http://www.labbase.net/News/ShowNewsDetails-1-19-6C3FCD09EF06602E.html,-大都会人寿推出“大都保健康保障计划”\n\n上海2016年7月6日电 /美通社/ --...,-,来宝网实验室仪器,-,China,Shandong,Chinese (simpl.),334886,3097.6955,MetLife China,online
7/6/16,引入“中症疾病”赔付理念 构筑“轻+中+重”三重屏障,http://api.k.sohu.com/api/paper/view.do?m=news&sid=19&subId=797&termId=99000797&newsId=147189027,-大都会人寿推出“大都保健康保障计划”\n\n上海2016年7月6日电 /美通社/ --...,-,搜狐新闻客户端 _ 财经,-,China,-,Chinese (simpl.),91644806,847714.4555,MetLife China,online
7/5/16,大都会人寿推出“大都保健康保障计划”,http://www.erhainews.com/n2062086.html,大都会人寿推出“大都保健康保障计划”\n\n证券时报网（www.stcn.com）07月05日讯...,-,洱海新闻网,-,China,-,Chinese (simpl.),0,0,MetLife China,online
7/6/16,引入“中症疾病”赔付理念 构筑“轻+中+重”三重屏障,http://www.yigoonet.com/article/1330433.html,-大都会人寿推出“大都保健康保障计划”\n上海2016年7月6日电 /美通社/ --...,-,医谷_医学产经门户,-,China,Shanghai,Chinese (simpl.),0,0,MetLife China,online
7/6/16,引入“中症疾病”赔付理念 构筑“轻+中+重”三重屏障,http://wenhua.cjn.cn/dxxl/enterprise/201607/00038513.html,-大都会人寿推出“大都保健康保障计划”\n上海2016年7月6日电 /美通社/ --...,-,长江网商业频道,-,China,Hubei,Chinese (simpl.),1142596,10569.013,MetLife China,online
7/14/16,王琳辉：转介绍带给我无限客源,http://yx.sinoins.com/2016-07/14/content_202015.htm,大都会人寿资深寿险规划总监 王琳辉...,-,中国保险报,-,China,Beijing,Chinese (simpl.),0,0,MetLife China,online
7/15/16,银保联姻信用卡：降低展业成本互相导流,http://xw.sinoins.com/2016-07/15/content_202114.htm,导读：“对于保险公司，将保险产品附加在信用卡上，可以增加客户规模，有效减少营销成本，提高知名度;对于银行，与保险公司合作为自己赢得了保险市场客户，既扩大了信用卡的发卡量，也能够分享到保险公司的客户资源。此外，保险产品的加入丰富了信用卡的功能，为持卡人带来了更多的利益。”...,-,中国保险报,-,China,Beijing,Chinese (simpl.),0,0,MetLife China,online
7/15/16,银保联姻信用卡：降低展业成本互相导流,http://www.qzr.cn/newsfile/bxsx/bxbxsx/20160715081103.shtml,导读：“对于保险公司，将保险产品附加在信用卡上，可以增加客户规模，有效减少营销成本，提高知名度；对于银行，与保险公司合作为自己赢得了保险市场客户，既扩大了信用卡的发卡量，也能够分享到保险公司的客户资源。此外，保险产品的加入丰富了信用卡的功能，为持卡人带来了更多的利益。”...,-,圈中人保险网,-,China,Guangdong,Chinese (simpl.),0,0,MetLife China,online
7/15/16,银保联姻信用卡：降低展业成本互相导流,http://www.madailicai.com/news/yinhang/2016071510365638.html,导读：“对于保险公司，将保险产品附加在信用卡上，可以增加客户规模，有效减少营销成本，提高知名度；对于银行，与保险公司合作为自己赢得了保险市场客户，既扩大了信用卡的发卡量，也能够分享到保险公司的客户资源。此外，保险产品的加入丰富了信用卡的功能，为持卡人带来了更多的利益。”...,-,麻袋理财,-,China,Shanghai,Chinese (simpl.),0,0,MetLife China,online
7/15/16,银保联姻信用卡：降低展业成本互相导流,http://www.tbankw.com/xyk/xinyongkazixun/213510.html,导读：“对于保险公司，将保险产品附加在信用卡上，可以增加客户规模，有效减少营销成本，提高知名度；对于银行，与保险公司合作为自己赢得了保险市场客户，既扩大了信用卡的发卡量，也能够分享到保险公司的客户资源。此外，保险产品的加入丰富了信用卡的功能，为持卡人带来了更多的利益。”...,-,银行界,-,China,Beijing,Chinese (simpl.),118116,1092.573,MetLife China,online
7/15/16,银保联姻信用卡：降低展业成本、互相导流,http://bank.stockstar.com/JC2016071500000850.shtml,"导读\n\n“对于保险公司,将保险产品附加在信用卡上,可以增加客户规模,有效减少营销成本,提高知名度;对于银行,与保险公司合作为自己赢得了保险市场客户,既扩大了信用卡的发卡量,也能够分享到保险公司的客户资源。此外,保险产品的加入丰富了信用卡的功能,为持卡人带来了更多的利益。”...",-,证券之星,-,China,Shanghai,Chinese (simpl.),11340300,104897.775,MetLife China,online
7/20/16,银保联姻信用卡：降低展业成本互相导流,http://www.jrzj.com/163186.html,对于保险公司，将保险产品附加在信用卡上，可以增加客户规模，有效减少营销成本，提高知名度;对于银行，与保险公司合作为自己赢得了保险市场客户，既扩大了信用卡的发卡量，也能够分享到保险公司的客户资源。此外，保险产品的加入丰富了信用卡的功能，为持卡人带来了更多的利益。”...,-,金融之家,-,China,Beijing,Chinese (simpl.),0,0,MetLife China,online
7/22/16,无锡市周六综合人才交流会（7月23日）,http://www.112seo.com/cityarticle-2111481.html,分类 : 无锡市\n\n阅读 : 0\n\n分享到 0\n\n时间：上午8:30-11:30地点：广瑞路2号市人力资源市场二楼招聘大厅\n\n11 中国人寿保险股份有限公司无锡市滨湖支公司\n\n部门经理 1名\n\n部门主管 5名\n\n客服专员 10名\n\n理财规划师 10名\n\n人事助理、内勤 3名...,-,焦点信息网,-,China,-,Chinese (simpl.),0,0,MetLife China,online
7/12/16,"＆薪资8k,国内外旅游，学历再深造，福利不断。",http://www.112seo.com/article-2155219.html,分类 : 职场招聘\n\n阅读 : 1\n\n分享到 0\n\n公司简介...,-,焦点信息网,-,China,-,Chinese (simpl.),0,0,MetLife China,online
7/19/16,"?【薪资8k】,国内外旅游，学历再深造，还有一大片福利来袭～",http://www.112seo.com/article-2187088.html,分类 : 职场招聘\n\n阅读 : 2\n\n分享到 0\n\n中美大都会...,-,焦点信息网,-,China,-,Chinese (simpl.),0,0,MetLife China,online
7/27/16,全球对冲基金6月遭遇207亿美元资金流出,http://news.emoney.cn/guoji/4475109.shtml,根据外媒报道，尽管大多数基金管理者表现良好，但是投资者仍然撤出了资金，6月份全球对冲基金净流出资金207亿美元。\n\n根据eVestment的数据，4月和5月份资金流入对冲基金，但6月份的撤资占据了整个第二季度的净赎回总额。...,-,益盟操盘手,-,China,Shanghai,Chinese (simpl.),2927779,27081.95575,MetLife China,online
7/29/16,全球对冲基金6月遭遇207亿美元资金流出,http://www.cs.com.cn/tzjj/smjj/201607/t20160729_5023251.html,根据外媒报道，尽管大多数基金管理者表现良好，但是投资者仍然撤出了资金，6月份全球对冲基金净流出资金207亿美元。\n\n根据eVestment的数据，4月和5月份资金流入对冲基金，但6月份的撤资占据了整个第二季度的净赎回总额。...,-,中证网,卢梦匀,China,Beijing,Chinese (simpl.),5429307,50221.08975,MetLife China,online
7/2/16,全球__基金6月遭遇207_美元_金流出,http://big5.news.cn/gate/big5/www.cs.com.cn/tzjj/smjj/201607/t20160729_5023251.html,根_外媒_道，_管大多_基金管理者表_良好，但是投_者仍然撤出了_金，6月份全球__基金_流出_金207_美元。\n\n根_eVestment的__，4月和5月份_金流入__基金，但6月份的撤___了整_第二季度的__回__。...,-,中证网,null,China,Undef regional,Chinese (trad.),76066293,703613.2103,MetLife China,online
7/5/16,引入中症疾病赔付理念 大都会人寿推出大都保健..,http://www.haonipai.com/newdetail75/11555856.jhtml,"关键字：大都会,保障,疾病,人寿\n【导读】财经新闻 报道【引入中症疾病赔付理念 大都会人寿推出大都保健..】 引入中症疾病赔付理念 大都会人寿推...",-,好你拍网,-,China,-,Chinese (simpl.),0,0,MetLife China,online
7/8/16,中美联泰大都会人寿刘玉荣：自强不息诚信守信,http://e.chinacqsb.com/html/2016-07/08/content_534809.htm,获奖理由：...,-,重庆商报,-,China,Undef regional,Chinese (simpl.),0,0,MetLife China,online
7/8/16,中美联泰大都会人寿刘玉荣：自强不息诚信守信,http://finance.cqnews.net/html/2016-07/08/content_37586229.htm,获奖理由：...,-,华龙网 - 财经,-,China,Chongqing,Chinese (simpl.),2871116,26557.823,MetLife China,online
7/5/16,引入中症疾病赔付理念 大都会人寿推大都保健康保障计划,http://www.wysmm.com/lis/4940324.html,近年来，我国居民重疾发生率居高不下。据中国保监会相关数据显示，内地居民一生中患重大疾病的比例持续上升，其中男性高达73.87%，女性为68.79%，且多次患病的概率也呈上升趋势；另一方面，日益。\n\n2016-06-13 07:00 分享\n大都会人寿发起爱心众筹...,-,广东在线,-,China,-,Chinese (simpl.),0,0,MetLife China,online
7/21/16,关于张四光任职资格的批复,http://news.eastday.com/eastday/13news/auto/news/finance/20160721/u7ai5858591.html,来源:东方网\n\n连保监许可〔2016〕96号\n\n中美联泰大都会人寿保险有限公司：...,-,东方网-东方新闻,-,China,Undef regional,Chinese (simpl.),3708819,34306.57575,MetLife China,online
7/5/16,引入中症疾病赔付理念 大都会人寿推出大都保健康保障计划,http://finance.eastday.com/m/20160705/u1ai9501808.html,来源:中国网\n\n中美联泰大都会人寿保险有限公司(以下简称“大都会人寿”)今日推出“大都保健康保障计划”，引入“中症疾病”赔付理念，形成“轻症+中症+重疾”三重保险屏障，为客户的健康状况提供“抢先一步”的关爱。...,-,东方网-东方新闻,-,China,Undef regional,Chinese (simpl.),3708819,34306.57575,MetLife China,online
7/21/16,关于张四光任职资格的批复,http://toutiao.com/i6309606387903103490/,连保监许可〔2016〕96号\n\n中美联泰大都会人寿保险有限公司:...,-,今日头条,-,China,-,Chinese (simpl.),14075765,130200.8263,MetLife China,online
7/21/16,关于张四光任职资格的批复,http://news.twoeggz.com/caijing/2016-07-21/3746255.html,连保监许可〔2016〕96号\n\n中美联泰大都会人寿保险有限公司:...,-,蛋蛋赞,-,China,-,Chinese (simpl.),0,0,MetLife China,online
7/21/16,关于张四光任职资格的批复,http://finance.youth.cn/finance_jsxw/201607/t20160721_8319825.htm,连保监许可〔2016〕96号\n\n中美联泰大都会人寿保险有限公司：...,-,财经频道_中国青年网,-,China,-,Chinese (simpl.),75290317,696435.4323,MetLife China,online
7/21/16,关于张四光任职资格的批复,http://www.circ.gov.cn/web/site0/tab5241/info4036550.htm,连保监许可〔2016〕96号\n\n中美联泰大都会人寿保险有限公司：...,-,中国保险监督管理委员会,-,China,Beijing,Chinese (simpl.),0,0,MetLife China,online
7/21/16,关于张四光任职资格的批复,http://insurance.hexun.com/2016-07-21/185075216.html,连保监许可〔2016〕96号\n\n中美联泰大都会人寿保险有限公司：...,-,和讯保险,-,China,Beijing,Chinese (simpl.),268075,2479.69375,MetLife China,online
7/21/16,关于张四光任职资格的批复,http://finance.huanqiu.com/roll/2016-07/9206594.html,连保监许可〔2016〕96号\n\n中美联泰大都会人寿保险有限公司：...,-,环球网 - 财经,-,China,Beijing,Chinese (simpl.),3952550,36561.0875,MetLife China,online
7/21/16,关于张四光任职资格的批复,http://news.hebei.com.cn/system/2016/07/21/017087299.shtml,连保监许可〔2016〕96号\n\n中美联泰大都会人寿保险有限公司：...,-,长城在线,责任编辑：jockbang,China,Undef regional,Chinese (simpl.),1633357,15108.55225,MetLife China,online
7/21/16,关于张四光任职资格的批复,http://news.china.com.cn/live/2016-07/21/content_36544053.htm,连保监许可〔2016〕96号\n\n中美联泰大都会人寿保险有限公司：...,-,中国网 - 新闻中心,-,China,Beijing,Chinese (simpl.),87087905,805563.1213,MetLife China,online
7/21/16,关于张四光任职资格的批复,http://news.dahe.cn/2016/07-21/107190622.html,连保监许可〔2016〕96号\n\n中美联泰大都会人寿保险有限公司：...,-,河南要闻-大河网,-,China,Undef regional,Chinese (simpl.),4276285,39555.63625,MetLife China,online
7/21/16,关于张四光任职资格的批复_财经_中国网,http://finance.china.com.cn/zgfb/bwlj/20160721/3822295.shtml,连保监许可〔2016〕96号\n\n中美联泰大都会人寿保险有限公司：...,-,中国网 - 财经中心,-,China,Beijing,Chinese (simpl.),87504214,809413.9795,MetLife China,online
7/21/16,_於_四光任__格的批_,http://big5.china.com.cn/gate/big5/news.china.com.cn/live/2016-07/21/content_36544053.htm,_保__可〔2016〕96_\n\n中美_泰大都_人_保_有限公司：...,-,中__ - 新_中心,-,China,Beijing,Chinese (trad.),87504214,809413.9795,MetLife China,online
7/21/16,_於_四光任__格的批_____中__,http://big5.china.com.cn/gate/big5/finance.china.com.cn/zgfb/bwlj/20160721/3822295.shtml,_保__可〔2016〕96_\n\n中美_泰大都_人_保_有限公司：...,-,中__ - __中心,-,China,Beijing,Chinese (trad.),87504214,809413.9795,MetLife China,online
7/28/16,《美国上市公司业绩公布日程表》--7月28日至8月4日,http://cn.reuters.com/article/idCNL4S1AE18E,路透7月28日 - 以下为标准普尔500企业中将于未来一周公布业绩报告的公司(如无特殊说明，均为GMT时间；AMC-美 国盘后；BMO-美国盘前；NTS-具体时间未定)： 开始日期 结束日期 公布时间 公司代码 业绩季度及公司名称 2016年7月28日 NTS AFL.N Q2...,-,路透中文网,-,China,Undef regional,English,41047,379.68475,MetLife China,online
7/29/16,《美国上市公司业绩公布日程表》--7月29日至8月5日,http://cn.reuters.com/article/idCNL4S1AF15Y?feedType=RSS&feedName=cnMktNews,路透7月29日 - 以下为标准普尔500企业中将于未来一周公布业绩报告的公司(如无特殊说明，均为GMT时间；AMC -美国盘后；BMO-美国盘前；NTS-具体时间未定)： 开始日期 结束日期 公布时间 公司代码 业绩季度及公司名称 2016年7月29日 BMO HST.N Q2...,-,路透中文网,-,China,Undef regional,English,41047,379.68475,MetLife China,online
7/9/16,两险企销售不足5亿元 净值待破“1”,http://news.tuxi.com.cn/news/119999990122529/25292070.html,每日经济新闻记者 李听 发自上海 2011年5月，中国保监会发布《关于变额年金保险试点的通知》，拉开新一轮保险产品创新序幕，如今，一年过去，变额年金试点情况如何？...,-,突袭新闻,-,China,Undef regional,Chinese (simpl.),3503173,32404.35025,MetLife China,online
7/24/16,穆迪:美寿险公司恐公布百亿美元商用不动产相关亏损,http://www.xue163.com/2675/1/26759540.html,穆迪指出，受商用房地产冲击，未来三年美寿险公司可能蒙受总额100亿美元相关亏损。...,-,中国学网,-,China,Beijing,Chinese (simpl.),12707899,117548.0658,MetLife China,online
7/20/16,财富中文：2016年财富世界500强排行榜,http://www.199it.com/archives/497521.html,"排名\n\n上年\n\n排名\n\n公司名称(中英文)\n\n营业收入\n(百万美元)\n\n利润\n(百万美元)\n\n国家\n\n1\n1\n沃尔玛（WAL-MART STORES)\n482,130\n14,694\n美国\n\n2\n7\n国家电网公司（STATE GRID)\n329,601.3\n10,201.4\n中国...",-,199IT,-,China,Undef regional,English,0,0,MetLife China,online
7/19/16,新员工培训：3个阶段让你成功融入企业（独家案例）,http://wtt.wzaobao.com/p/273ajh6.html,七月，毕业的季节。这个季节给企业注入大批新鲜血液，却也带来了更为迫切的课题――新员工培训。如何才能低成本达到较好的培训效果？看看大都会人寿是怎么做的。\n\n来源｜《才经》下卷 （《培训》杂志编）\n\n新人90天融入计划...,-,微头条,-,China,-,Chinese (simpl.),0,0,MetLife China,online
7/19/16,新员工培训：3个阶段让你成功融入企业（独家案例）,http://www.pig66.com/weixintoutiao/zhichangren/2016-07-19/1100634.html,七月，毕业的季节。这个季节给企业注入大批新鲜血液，却也带来了更为迫切的课题――新员工培训。如何才能低成本达到较好的培训效果？看看大都会人寿是怎么做的。\n\n来源｜《才经》下卷 （《培训》杂志编）\n\n新人90天融入计划...,-,猪友之家,-,China,-,Chinese (simpl.),0,0,MetLife China,online
7/15/16,新员工培训：3个阶段让你成功融入企业（独家案例）,http://news.tuxi.com.cn/news/1101019999990121567/15676841.html,七月，毕业的季节。这个季节给企业注入大批新鲜血液，却也带来了更为迫切的课题――新员工培训。如何才能低成本达到较好的培训效果？看看大都会人寿是怎么做的。来源｜《才经》下卷 （《培训》杂志编）新人90天融入计划大多数企业，特别是保险行业在新员工入职......,-,突袭新闻,-,China,Undef regional,Chinese (simpl.),3503173,32404.35025,MetLife China,online
7/16/16,银保联姻信用卡：降低展业成本互相导流,http://toutiao.com/i6307738849824997889/,日前，安邦保险与光大银行共同推出了集金融支付与财产保险服务于一体的“光大安邦联名信用卡”，引来市场对银行与保险合作模式的关注和思考。...,-,今日头条,-,China,-,Chinese (simpl.),14075765,130200.8263,MetLife China,online
7/16/16,银保联姻信用卡：降低展业成本互相导流,http://insurance.hexun.com/2016-07-16/184971748.html,日前，安邦保险与光大银行共同推出了集金融支付与财产保险服务于一体的“光大安邦联名信用卡”，引来市场对银行与保险合作模式的关注和思考。...,-,和讯保险,-,China,Beijing,Chinese (simpl.),268075,2479.69375,MetLife China,online
7/6/16,引入“中症疾病”赔付理念 构筑“轻+中+重”三重屏障,http://www.csjzaixian.com/health/med/2016/0706/373966.html,上海2016年7月6日电 /美通社/ --...,-,长三角新闻网,-,China,Undef regional,Chinese (simpl.),0,0,MetLife China,online
7/6/16,引入“中症疾病”赔付理念 构筑“轻+中+重”三重屏障,http://www.gdnewsonline.com/health/med/2016/0706/396690.html,上海2016年7月6日电 /美通社/ --...,-,中国广东新闻网,-,China,Beijing,Chinese (simpl.),0,0,MetLife China,online
7/6/16,引入“中症疾病”赔付理念 构筑“轻+中+重”三重屏障,http://chengduxww.com/health/med/2016/0706/363405.html,上海2016年7月6日电 /美通社/ --...,-,成都新闻网,-,China,Undef regional,Chinese (simpl.),0,0,MetLife China,online
7/6/16,引入“中症疾病”赔付理念 构筑“轻+中+重”三重屏障,http://www.ejiangsu.com.cn/health/med/2016/0706/373202.html,上海2016年7月6日电 /美通社/ --...,-,江苏省人民政府,-,China,Jiangsu,Chinese (simpl.),0,0,MetLife China,online
7/6/16,引入“中症疾病”赔付理念 构筑“轻+中+重”三重屏障,http://www.minnanonline.com/health/med/2016/0706/329817.html,上海2016年7月6日电 /美通社/ --...,-,闽南新闻在线,-,China,Beijing,Chinese (simpl.),0,0,MetLife China,online
7/6/16,引入“中症疾病”赔付理念 构筑“轻+中+重”三重屏障,http://www.bigsichuan.com/health/med/2016/0706/531009.html,上海2016年7月6日电 /美通社/ --...,-,大四川,-,China,Sichuan,Chinese (simpl.),0,0,MetLife China,online
7/6/16,引入“中症疾病”赔付理念 构筑“轻+中+重”三重屏障,http://www.ibandao.cn/health/med/2016/0706/385374.html,上海2016年7月6日电 /美通社/ --...,-,半岛网青岛新闻网上尽览,-,China,Undef regional,Chinese (simpl.),0,0,MetLife China,online
7/6/16,引入“中症疾病”赔付理念 构筑“轻+中+重”三重屏障,http://www.zhongbunet.com/health/med/2016/0706/373209.html,上海2016年7月6日电 /美通社/ --...,-,中部新闻网,-,China,Beijing,Chinese (simpl.),0,0,MetLife China,online
7/6/16,引入“中症疾病”赔付理念 构筑“轻+中+重”三重屏障,http://www.bj-news.com/health/med/2016/0706/353751.html,上海2016年7月6日电 /美通社/ --...,-,北京新闻网,-,China,Beijing,Chinese (simpl.),0,0,MetLife China,online
7/6/16,引入“中症疾病”赔付理念 构筑“轻+中+重”三重屏障,http://www.heimoo.com/html/30622.html,上海2016年7月6日电 /美通社/ --...,-,黑猫网  互联网信息资讯平台,-,China,Beijing,Chinese (simpl.),0,0,MetLife China,online
7/6/16,引入“中症疾病”赔付理念 构筑“轻+中+重”三重屏障,http://prnasia.blog.hexun.com/106922854_d.html,上海2016年7月6日电 /美通社/ --...,-,美通社亚洲和讯官方博客,-,China,Undef regional,Chinese (simpl.),1930057,17853.02725,MetLife China,online
7/6/16,引入“中症疾病”赔付理念 构筑“轻+中+重”三重屏障,http://www.cnwn365.com/article-23315-1.html,上海2016年7月6日电 /美通社/ --...,-,安徽皖南网,-,China,Undef regional,Chinese (simpl.),0,0,MetLife China,online
7/6/16,引入“中症疾病”赔付理念 构筑“轻+中+重”三重屏障,http://prnasia.lofter.com/post/1425e3_b95df1f,上海2016年7月6日电 /美通社/ --...,-,prnasia.lofter,-,China,Undef regional,Chinese (simpl.),12323786,113995.0205,MetLife China,online
7/8/16,引入“中症疾病”赔付理念 构筑“轻+中+重”三重屏障,http://insurance.cnfol.com/baoxiandongtai/20160708/23039497.shtml,上海2016年7月6日电-- 社会飞速变迁，人人“压力山大”，对重重压力之下处于亚健康状态的现代人来说，为自己和家人制定一份全面的健康保障计划，防重疾于未然，已经成为迫切的需...,-,保险频道-中金在线,-,China,Fujian,Chinese (simpl.),13533514,125185.0045,MetLife China,online
7/4/16,为自己穿一次鞋|正式入职MetLife！,http://wtt.wzaobao.com/p/23a369P.html,上课时，老师问：“你们喜欢自己的工作吗？”同学们纷纷低下了头很多时候，我们的工作就像自己所穿的鞋子，有时我们选择一双鞋只是因为它体面，抑或是没有更好的，而渐渐地我们已忘了自己的尺码已和鞋子不符，却没有勇气去换鞋。...,-,微头条,-,China,-,Chinese (simpl.),0,0,MetLife China,online
7/2/16,大都会人寿投连险业绩一般 受大额赎回影响,http://www.lwinfo.com/shzx/xinli/20160702/684450.html,绍兴都市网分享\n\n尽管旗下众多账户没有跑赢大盘，但是公司表示注重长期业绩，并不把短期的波段性操作作为账户投资利润的来源\n\n投连险作为一种以风险保障为基础具备灵活投资理财功能的保险产品，对于那些想分享牛市红利，但不擅长或没有时间理财的投资者来说是不错的选择。...,-,生活资讯网,-,China,-,Chinese (simpl.),0,0,MetLife China,online
7/4/16,走进拉斯维加斯大型呼叫中心会议暨展览会,http://wtt.wzaobao.com/p/2c53itJ.html,盛况空前的呼大型叫中心会议暨展览会Call Center Week于2016年6月28日至7月21日内达华州拉斯维加斯的The Mirage酒店举行，本次Call Center Week由Zendesk主办。丹麦艾德声作为专业呼叫中心产品供应商之一受邀参加。...,-,微头条,-,China,-,Chinese (simpl.),0,0,MetLife China,online
7/13/16,大都会人寿首季业绩倍增,http://news.takungpao.com/paper/q/2016/0713/3345188.html,图：香港大都会人寿首季录得116%业务增长\n\n【大公报讯】香港大都会人寿昨日表示，2016年上半年业绩快速增长，首季录得116%的按年业务增长之馀，还录得150%的按年保险代理团队增长，及超过48倍的按年保险经纪业务增长。\n\n招募千名财策顾问...,-,大公数字报,责任编辑： 大公网,China,Undef regional,Chinese (simpl.),2170784,20079.752,MetLife China,online
7/4/16,中美大都会人寿疯狂电话营销 引发消费者恐慌,http://news.tuxi.com.cn/news/119999990122491/24910893.html,图片来源：资料图 中国网10月19日讯（记者 孙朋浩）...,-,突袭新闻,-,China,Undef regional,English,3503173,32404.35025,MetLife China,online
7/2/16,500强企业第一名是谁,http://www.xue163.com/19990/13590/28332479.html,"为了帮助网友解决“500强企业第一名是谁”相关的问题，中国学网通过互联网对“500强企业第一名是谁”相关的解决方案进行了整理,用户详细问题包括:RT,我想知道:500强企业第一名是谁，具体解决方案如下：\n\n解决方案1：\n沃尔玛 一般商品零售 351,139.0\n\n提问者评价...",-,中国学网,-,China,Beijing,Chinese (simpl.),12707899,117548.0658,MetLife China,online
7/12/16,中美大都会人寿保险“真心关爱住院津贴医疗保险”,http://www.xue163.com/19990/13628/143670859.html,"为了帮助网友解决“中美大都会人寿保险“真心关爱住院津贴医疗保险””相关的问题，中国学网通过互联网对“中美大都会人寿保险“真心关爱住院津贴医疗保险””相关的解决方案进行了整理,用户详细问题包括:或者叫我家人去领取也行。\n\n但是我有几点不能明白，\n\n刚才？...",-,中国学网,-,China,Beijing,Chinese (simpl.),12707899,117548.0658,MetLife China,online
7/12/16,中美大都会人寿和中国人寿，哪家公司待遇比较好,http://www.xue163.com/19990/13628/361039183504044412.html,"为了帮助网友解决“中美大都会人寿和中国人寿，哪家公司待遇比较好”相关的问题，中国学网通过互联网对“中美大都会人寿和中国人寿，哪家公司待遇比较好”相关的解决方案进行了整理,用户详细问题包括:RT,我想知道:中美大都会人寿和中国人寿，哪家公司待遇比较好，具体解决方案如下：...",-,中国学网,-,China,Beijing,Chinese (simpl.),12707899,117548.0658,MetLife China,online
7/12/16,中美联泰大都会人寿保险是一群骗子吗？,http://www.xue163.com/19990/13628/240369720395700524.html,"为了帮助网友解决“中美联泰大都会人寿保险是一群骗子吗？”相关的问题，中国学网通过互联网对“中美联泰大都会人寿保险是一群骗子吗？”相关的解决方案进行了整理,用户详细问题包括:...",-,中国学网,-,China,Beijing,Chinese (simpl.),12707899,117548.0658,MetLife China,online
7/17/16,重庆市世界五百强企业有哪些,http://www.xue163.com/19990/13644/1540101893743013827.html,"为了帮助网友解决“重庆市世界五百强企业有哪些”相关的问题，中国学网通过互联网对“重庆市世界五百强企业有哪些”相关的解决方案进行了整理,用户详细问题包括:RT,我想知道:重庆市世界五百强企业有哪些，具体解决方案如下：\n\n解决方案1：\n瑞典爱立信有限公司...",-,中国学网,-,China,Beijing,Chinese (simpl.),12707899,117548.0658,MetLife China,online
7/12/16,重庆中美大都会人寿保险有限公司（工作）,http://www.xue163.com/19990/13628/918669805644380179.html,"为了帮助网友解决“重庆中美大都会人寿保险有限公司（工作）”相关的问题，中国学网通过互联网对“重庆中美大都会人寿保险有限公司（工作）”相关的解决方案进行了整理,用户详细问题包括:有人在里面工作吗？觉得怎么样？想去应聘 说具体点，谢谢 回答好的追加分 很急 谢谢，具体解决方案如下：...",-,中国学网,-,China,Beijing,Chinese (simpl.),12707899,117548.0658,MetLife China,online
7/19/16,几条关于父亲与母亲的视频广告，泪腺发达者请备好纸巾再看！,http://wtt.wzaobao.com/p/297aNU2.html,文字介绍是多余的，所以\n\n请看视频\n\n1、《妈妈撑得住》\n\n创意广告 情感催泪 亲情友情 办公用品 Cybozu 日本\n\n2、《爸爸是个骗子》\n\n创意广告 情感催泪 亲情友情 保险 大都会人寿 泰国\n\n广西广告圈(ad119-gx)\n\n查看原文 分享到微信...,-,微头条,-,China,-,Chinese (simpl.),0,0,MetLife China,online
7/19/16,几条关于父亲与母亲的视频广告，泪腺发达者请备好纸巾再看！,http://www.wtoutiao.com/p/297aNU2.html,文字介绍是多余的，所以\n\n请看视频\n\n1、《妈妈撑得住》\n\n创意广告 情感催泪 亲情友情 办公用品 Cybozu 日本\n\n2、《爸爸是个骗子》\n\n创意广告 情感催泪 亲情友情 保险 大都会人寿 泰国\n\n广西广告圈(ad119-gx)\n\n查看原文 分享到微信...,-,微头条/微信聚合资讯,广西广告圈,China,Undef regional,Chinese (simpl.),5072902,46924.3435,MetLife China,online
7/24/16,勿忘初心，继续前行！我的保险从业路。,http://wtt.wzaobao.com/p/2a0dovi.html,我是于振源，东北人，今年30岁。\n现在是MetLife的寿险规划师。\n\n今天我想讲讲我的故事！\n\n我的过去？...,-,微头条,-,China,-,Chinese (simpl.),0,0,MetLife China,online
7/14/16,3个阶段让你成功融入企业,http://www.wtoutiao.com/p/2857f78.html,新人90天融入计划\n\n大多数企业，特别是保险行业在新员工入职后，普遍采用的方法是给新员工提供1~2天的入职培训，让他们能够大概了解公司的运营和产品，熟悉公司的政策和流程，就让新员工“上战场”了。...,-,微头条/微信聚合资讯,爱学习社区,China,Undef regional,Chinese (simpl.),5072902,46924.3435,MetLife China,online
7/14/16,3个阶段让你成功融入企业,http://wtt.wzaobao.com/p/2857f78.html,新人90天融入计划\n\n大多数企业，特别是保险行业在新员工入职后，普遍采用的方法是给新员工提供1~2天的入职培训，让他们能够大概了解公司的运营和产品，熟悉公司的政策和流程，就让新员工“上战场”了。...,-,微头条,-,China,-,Chinese (simpl.),0,0,MetLife China,online
7/8/16,中美联泰大都会人寿刘玉荣：自强不息诚信守信,http://news.sina.com.cn/o/2016-07-08/doc-ifxtwitr1715806.shtml,原标题：中美联泰大都会人寿刘玉荣：自强不息诚信守信\n\n获奖理由：...,-,新浪新闻,-,China,Undef regional,Chinese (simpl.),72885568,674191.504,MetLife China,online
7/15/16,银保联姻信用卡：降低展业成本互相导流,http://www.ieforex.com/baox/20160715/1047323.html,在信用卡领域闪现的保险身影是否将更加频繁?\n\n日前，安邦保险与光大银行共同推出了集金融支付与财产保险服务于一体的“光大安邦联名信用卡”，引来市场对银行与保险合作模式的关注和思考。...,-,易汇资讯网,-,China,Beijing,Chinese (simpl.),0,0,MetLife China,online
7/15/16,银保联姻信用卡：降低展业成本互相导流,http://www.rong360.com/news/2016/07/15/105708.html,在信用卡领域闪现的保险身影是否将更加频繁？\n\n日前，安邦保险与光大银行共同推出了集金融支付与财产保险服务于一体的“光大安邦联名信用卡”，引来市场对银行与保险合作模式的关注和思考。...,-,融360,' + result.authorInfo.nickname + ',China,Undef regional,Chinese (simpl.),8680385,80293.56125,MetLife China,online
7/6/16,引入“中症疾病”赔付理念 构筑“轻+中+重”三重屏障,http://www.xndushi.com/guonei/14327.html,摘要：上海2016年7月6日电 /美通社/ -- 社会飞速变迁，人人压力山大，对重重压力之下处于亚健康状态的现代人来说，为自己和家人制定一份全面的健康保障计划，防重疾于未然，已经成为迫切的需求。对此，中美联泰大都会人寿保险有限公司（以下简称大都会人寿）推出大...,-,西南网,-,China,Sichuan,Chinese (simpl.),0,0,MetLife China,online
7/5/16,引入中症疾病赔付理念 大都会人寿推出大都保健康保障计划,http://finance.haiwainet.cn/n/2016/0705/c352345-30066281.html,摘要：中美联泰大都会人寿保险有限公司(以下简称“大都会人寿”)今日推出“大都保健康保障计划”，引入“中症疾病”赔付理念，形成“轻症+中症+重疾”三重保险屏障，为客户的健康状况提供“抢先一步”的关爱。...,-,海外网,-,China,Undef regional,Chinese (simpl.),43436743,401789.8728,MetLife China,online
7/27/16,招商银行天津泰达大厦支行举办教育储蓄专题沙龙,http://www.jwb.com.cn/cj/yh/201607/t20160727_4654067.html,招商银行天津泰达大厦支行于近日举办教育储蓄专题沙龙，活动当天共邀请到7组孩子年龄在15岁以内的目标客户。...,-,今晚报,-,China,Tianjin,Chinese (simpl.),1015373,9392.20025,MetLife China,online
7/8/16,别人说你是生活的LOSER，你呢？,http://wtt.wzaobao.com/p/26f59hy.html,这个世界，大多数人都很平凡\n\n他们也许一直无所成就\n\n他们不被人看好\n\n他们就是生活的LOSER\n\n他们会有幸福吗？\n\n下面两则视频，洗心荡志\n\n看完之后，你是LOSER吗？\n\n大都会人寿 感动全网的广告\n\nMy Dad's Story...,-,微头条,-,China,-,Chinese (simpl.),0,0,MetLife China,online
7/24/16,勿忘初心，继续前行！我的保险从业路。,http://www.wtoutiao.com/p/2a0dovi.html,振源寿险周年盘点！ 感恩有你！ 勿忘初心，继续前行。\n\n于振源MetLife大都会人寿・07月24日 21:33\n\n于振源MetLife大都会人寿\n\nyzy_metlife\n\n专业家庭财务安全规划、资产配置、咨询服务,-,微头条/微信聚合资讯,于振源MetLife大都会人寿,China,Undef regional,Chinese (simpl.),5072902,46924.3435,MetLife China,online
7/9/16,中美大都会人寿总经理：年内完成两家公司整合,http://news.tuxi.com.cn/news/119999990122522/25221772.html,正处于股权转让进程中的中美大都会人寿并未停止机构扩张的步伐，该公司佛山中心支公司昨日正式开业，这是其继广州、深圳后在广东设立的第三家机构。前来出席开业仪式的美国大都会人寿国际部副总裁兼中美大都会人寿总经理Brent...,-,突袭新闻,-,China,Undef regional,Chinese (simpl.),3503173,32404.35025,MetLife China,online
7/5/16,大都会人寿推出“大都保健康保障计划”,http://stock.hexun.com/2016-07-05/184761908.html,证券时报网（www.stcn.com）07月05日讯...,-,和讯股票,-,China,Beijing,Chinese (simpl.),3720071,34410.65675,MetLife China,online
7/5/16,大都会人寿推出“大都保健康保障计划”,http://kuaixun.stcn.com/2016/0705/12782802.shtml,证券时报网（www.stcn.com）07月05日讯...,-,证券时报网,-,China,Guangdong,Chinese (simpl.),858571,7941.78175,MetLife China,online
7/5/16,大都会人寿推出“大都保健康保障计划”,http://finance.sina.com.cn/stock/t/2016-07-05/doc-ifxtscen3399883.shtml,证券时报网（www.stcn.com）07月05日讯...,-,新浪财经,-,China,-,Chinese (simpl.),37462206,346525.4055,MetLife China,online
7/5/16,大都会人寿推出“大都保健康保障计划”,http://mt.sohu.com/20160705/n457882793.shtml,证券时报网（www.stcn.com）07月05日讯...,-,搜狐媒体平台 - 财经,-,China,Undef regional,Chinese (simpl.),91644806,847714.4555,MetLife China,online
7/5/16,大都会人寿推出“大都保健康保障计划”,http://sc.stock.cnfol.com/gppdgdzx/20160705/23015871.shtml,证券时报网07月05日讯...,-,股票频道-中金在线,作者：陈冬生,China,Fujian,Chinese (simpl.),13533514,125185.0045,MetLife China,online
7/5/16,大都会人寿推出“大都保健康保障计划”,http://chsh.sinoins.com/2016-07/05/content_200821.htm,中保网讯【记者 宫伟瑶】近日，中美联泰大都会人寿保险有限公司(以下简称“大都会人寿”)推出“大都保健康保障计划”，引入“中症疾病”赔付理念，形成“轻症+中症+重疾”三重保险屏障，为客户的健康状况提供“抢先一步”的关爱。...,-,中国保险报,宫伟瑶,China,Beijing,Chinese (simpl.),0,0,MetLife China,online
7/27/16,全球对冲基金6月遭遇207亿美元资金流出,http://fund.10jqka.com.cn/20160727/c591990985.shtml,中国证券网讯(记者 卢梦匀)根据外媒报道，尽管大多数基金管理者表现良好，但是投资者仍然撤出了资金，6月份全球对冲基金净流出资金207亿美元。\n\n根据eVestment的数据，4月和5月份资金流入对冲基金，但6月份的撤资占据了整个第二季度的净赎回总额。...,-,同花顺金融服务网,-,China,Zhejiang,Chinese (simpl.),15789378,146051.7465,MetLife China,online
7/28/16,全球对冲基金6月遭遇207亿美元资金流出,http://finance.ce.cn/rolling/201607/28/t20160728_14243811.shtml,中国证券网讯(记者 卢梦匀)根据外媒报道，尽管大多数基金管理者表现良好，但是投资者仍然撤出了资金，6月份全球对冲基金净流出资金207亿美元。\n\n根据eVestment的数据，4月和5月份资金流入对冲基金，但6月份的撤资占据了整个第二季度的净赎回总额。...,-,中国经济网,-,China,Beijing,Chinese (simpl.),33655344,311311.932,MetLife China,online
7/28/16,全球对冲基金6月遭遇207亿美元资金流出,http://finance.youth.cn/finance_jsxw/201607/t20160728_8357196.htm,中国证券网讯(记者 卢梦匀)根据外媒报道，尽管大多数基金管理者表现良好，但是投资者仍然撤出了资金，6月份全球对冲基金净流出资金207亿美元。\n\n根据eVestment的数据，4月和5月份资金流入对冲基金，但6月份的撤资占据了整个第二季度的净赎回总额。...,-,财经频道_中国青年网,-,China,-,Chinese (simpl.),75290317,696435.4323,MetLife China,online
7/28/16,全球对冲基金6月遭遇207亿美元资金流出,http://www.jfdaily.com/caijing/new/201607/t20160728_2376658.html,中国证券网讯(记者 卢梦匀)根据外媒报道，尽管大多数基金管理者表现良好，但是投资者仍然撤出了资金，6月份全球对冲基金净流出资金207亿美元。\n\n根据eVestment的数据，4月和5月份资金流入对冲基金，但6月份的撤资占据了整个第二季度的净赎回总额。...,-,上海解放日报,-,China,Shanghai,Chinese (simpl.),1410086,13043.2955,MetLife China,online
7/28/16,全球对冲基金6月遭遇207亿美元资金流出,http://news.twoeggz.com/caijing/2016-07-28/3819657.html,中国证券网讯(记者 卢梦匀)根据外媒报道，尽管大多数基金管理者表现良好，但是投资者仍然撤出了资金，6月份全球对冲基金净流出资金207亿美元。\n\n根据eVestment的数据，4月和5月份资金流入对冲基金，但6月份的撤资占据了整个第二季度的净赎回总额。...,-,蛋蛋赞,-,China,-,Chinese (simpl.),0,0,MetLife China,online
7/28/16,全球对冲基金6月遭遇207亿美元资金流出,http://fund.cnfol.com/smjj/simudongtai/20160728/23160710.shtml,中国证券网讯(记者 卢梦匀)根据外媒报道，尽管大多数基金管理者表现良好，但是投资者仍然撤出了资金，6月份全球对冲基金净流出资金207亿美元。\n\n根据eVestment的数据，4月和5月份资金流入对冲基金，但6月份的撤资占据了整个第二季度的净赎回总额。...,-,基金频道-中金在线,作者：卢梦匀,China,Fujian,Chinese (simpl.),13533514,125185.0045,MetLife China,online
7/27/16,全球对冲基金6月遭遇207亿美元资金流出,http://toutiao.com/i6311958491854537218/,中国证券网讯（记者 卢梦匀）根据外媒报道，尽管大多数基金管理者表现良好，但是投资者仍然撤出了资金，6月份全球对冲基金净流出资金207亿美元。\n\n根据eVestment的数据，4月和5月份资金流入对冲基金，但6月份的撤资占据了整个第二季度的净赎回总额。...,-,今日头条,-,China,-,Chinese (simpl.),14075765,130200.8263,MetLife China,online
7/27/16,全球对冲基金6月遭遇207亿美元资金流出,http://news.cnstock.com/news/sns_yw/201607/3856124.htm,中国证券网讯（记者 卢梦匀）根据外媒报道，尽管大多数基金管理者表现良好，但是投资者仍然撤出了资金，6月份全球对冲基金净流出资金207亿美元。\n\n根据eVestment的数据，4月和5月份资金流入对冲基金，但6月份的撤资占据了整个第二季度的净赎回总额。...,-,中国证券网,作者：卢梦匀,China,Shanghai,Chinese (simpl.),1732419,16024.87575,MetLife China,online
7/28/16,全球对冲基金6月遭遇207亿美元资金流出,http://finance.sina.com.cn/roll/2016-07-28/doc-ifxunyyf6046595.shtml,中国证券网讯（记者 卢梦匀）根据外媒报道，尽管大多数基金管理者表现良好，但是投资者仍然撤出了资金，6月份全球对冲基金净流出资金207亿美元。\n\n根据eVestment的数据，4月和5月份资金流入对冲基金，但6月份的撤资占据了整个第二季度的净赎回总额。...,-,新浪财经,-,China,-,Chinese (simpl.),37462206,346525.4055,MetLife China,online
7/28/16,全球__基金6月遭遇207_美元_金流出,http://big5.ce.cn/gate/big5/finance.ce.cn/rolling/201607/28/t20160728_14243811.shtml,中__券__(_者 ___)根_外媒_道，_管大多_基金管理者表_良好，但是投_者仍然撤出了_金，6月份全球__基金_流出_金207_美元。\n\n根_eVestment的__，4月和5月份_金流入__基金，但6月份的撤___了整_第二季度的__回__。...,-,中国经济网 (繁体),-,China,Beijing,Chinese (trad.),38539363,356489.1078,MetLife China,online
7/5/16,引入中症疾病赔付理念 大都会人寿推大都保健康保障计划,http://news.twoeggz.com/caijing/2016-07-05/3596951.html,"中美联泰大都会人寿保险有限公司(以下简称“大都会人寿”)今日推出“大都保健康保障计划”,引入“中症疾病”赔付理念,形成“轻症+中症+重疾”三重保险屏障,为客户的健康状况提供“抢先一步”的关爱。...",-,蛋蛋赞,-,China,-,Chinese (simpl.),0,0,MetLife China,online
7/5/16,引入中症疾病赔付理念 大都会人寿推大都保健康保障计划,http://toutiao.com/i6303731878612435458/,"中美联泰大都会人寿保险有限公司(以下简称“大都会人寿”)今日推出“大都保健康保障计划”,引入“中症疾病”赔付理念,形成“轻症+中症+重疾”三重保险屏障,为客户的健康状况提供“抢先一步”的关爱。...",-,今日头条,-,China,-,Chinese (simpl.),14075765,130200.8263,MetLife China,online
7/5/16,引入中症疾病赔付理念 大都会人寿推出大都保健康保障计划,http://finance.youth.cn/finance_jsxw/201607/t20160705_8233920.htm,中美联泰大都会人寿保险有限公司(以下简称“大都会人寿”)今日推出“大都保健康保障计划”，引入“中症疾病”赔付理念，形成“轻症+中症+重疾”三重保险屏障，为客户的健康状况提供“抢先一步”的关爱。...,-,财经频道_中国青年网,-,China,-,Chinese (simpl.),75290317,696435.4323,MetLife China,online
7/5/16,引入中症疾病赔付理念 大都会人寿推出大都保健康保障计划,http://news.dahe.cn/2016/07-05/107100674.html,中美联泰大都会人寿保险有限公司(以下简称“大都会人寿”)今日推出“大都保健康保障计划”，引入“中症疾病”赔付理念，形成“轻症+中症+重疾”三重保险屏障，为客户的健康状况提供“抢先一步”的关爱。...,-,河南要闻-大河网,-,China,Undef regional,Chinese (simpl.),4276285,39555.63625,MetLife China,online
7/5/16,引入中症疾病赔付理念 大都会人寿推出大都保健康保障计划,http://finance.huanqiu.com/roll/2016-07/9127285.html,中美联泰大都会人寿保险有限公司(以下简称“大都会人寿”)今日推出“大都保健康保障计划”，引入“中症疾病”赔付理念，形成“轻症+中症+重疾”三重保险屏障，为客户的健康状况提供“抢先一步”的关爱。...,-,环球网 - 财经,-,China,Beijing,Chinese (simpl.),3952550,36561.0875,MetLife China,online
7/5/16,引入中症疾病赔付理念 大都会人寿推大都保健康保障计划,http://finance.huanqiu.com/roll/2016-07/9126541.html,中美联泰大都会人寿保险有限公司(以下简称“大都会人寿”)今日推出“大都保健康保障计划”，引入“中症疾病”赔付理念，形成“轻症+中症+重疾”三重保险屏障，为客户的健康状况提供“抢先一步”的关爱。...,-,环球网 - 财经,-,China,Beijing,Chinese (simpl.),3952550,36561.0875,MetLife China,online
7/5/16,引入中症疾病赔付理念 大都会人寿推大都保健康保障计划,http://news.china.com.cn/live/2016-07/05/content_36424125.htm,中美联泰大都会人寿保险有限公司(以下简称“大都会人寿”)今日推出“大都保健康保障计划”，引入“中症疾病”赔付理念，形成“轻症+中症+重疾”三重保险屏障，为客户的健康状况提供“抢先一步”的关爱。...,-,中国网新闻中心,-,China,Undef regional,Chinese (simpl.),87504214,809413.9795,MetLife China,online
7/5/16,引入中症疾病赔付理念 大都会人寿推大都保健康保障计划,http://news.dahe.cn/2016/07-05/107099827.html,中美联泰大都会人寿保险有限公司(以下简称“大都会人寿”)今日推出“大都保健康保障计划”，引入“中症疾病”赔付理念，形成“轻症+中症+重疾”三重保险屏障，为客户的健康状况提供“抢先一步”的关爱。...,-,河南要闻-大河网,-,China,Undef regional,Chinese (simpl.),4276285,39555.63625,MetLife China,online
7/5/16,引入中症疾病赔付理念 大都会人寿推出大都保健康保障计划,http://news.tuxi.com.cn/news/119999990122500/25001688.html,中美联泰大都会人寿保险有限公司(以下简称“大都会人寿”)今日推出“大都保健康保障计划”，引入“中症疾病”赔付理念，形成“轻症+中症+重疾”三重保险屏障，为客户的健康状况提供“抢先一步”的关爱。...,-,突袭新闻,-,China,Undef regional,Chinese (simpl.),3503173,32404.35025,MetLife China,online
7/5/16,引入中症疾病赔付理念 大都会人寿推大都保健康保障计划_财经_中国网,http://finance.china.com.cn/money/insurance/bxgsxw/20160705/3798040.shtml,中美联泰大都会人寿保险有限公司(以下简称“大都会人寿”)今日推出“大都保健康保障计划”，引入“中症疾病”赔付理念，形成“轻症+中症+重疾”三重保险屏障，为客户的健康状况提供“抢先一步”的关爱。...,-,中国网 - 财经中心,-,China,Beijing,Chinese (simpl.),87504214,809413.9795,MetLife China,online
7/16/16,原信诚人寿首席执行官谭强将任大都会人寿CEO,http://www.xue163.com/2594/1/25940579.html,中美联泰大都会人寿将迎中国新高管，领导大都会人寿十年之久的首席执行官贝克俊即将卸任，转而担任大都会人寿亚太区高级顾问一职；原信诚人寿首席执行官谭强则被曝接任贝克俊。...,-,中国学网,-,China,Beijing,Chinese (simpl.),12707899,117548.0658,MetLife China,online
7/5/16,引入中症疾病_付理念 大都_人_推大都保健康保障__,http://big5.china.com.cn/gate/big5/news.china.com.cn/live/2016-07/05/content_36424125.htm,中美_泰大都_人_保_有限公司(以下__“大都_人_”)今日推出“大都保健康保障__”，引入“中症疾病”_付理念，形成“_症+中症+重疾”三重保_屏障，_客_的健康__提供“_先一步”的__。...,-,中__ - 新_中心,-,China,Beijing,Chinese (trad.),87504214,809413.9795,MetLife China,online
7/5/16,引入中症疾病_付理念 大都_人_推大都保健康保障______中__,http://big5.china.com.cn/gate/big5/finance.china.com.cn/money/insurance/bxgsxw/20160705/3798040.shtml,中美_泰大都_人_保_有限公司(以下__“大都_人_”)今日推出“大都保健康保障__”，引入“中症疾病”_付理念，形成“_症+中症+重疾”三重保_屏障，_客_的健康__提供“_先一步”的__。...,-,中__ - __中心,-,China,Beijing,Chinese (trad.),87504214,809413.9795,MetLife China,online
7/11/16,走进拉斯维加斯Call Center Week――世界上最大的呼叫中心会议暨展览会,http://wtt.wzaobao.com/p/2766fja.html,走进拉斯维加斯Call Center Week世界上最大的呼叫中心会议暨展览会 世界上最大的呼叫中心会议暨展览会Call Center Week于2016年6月28日至7月21日内达华州拉斯维加斯的The Mirage酒店举行，本次Call Center...,-,微头条,-,China,-,Chinese (simpl.),0,0,MetLife China,online
7/6/16,大都会人寿推出“大都保健康保障计划”,http://www.mnc360.com/contentView.asp?id=2033,"作者: 原创 来源: 本站 所属: 新闻动态\n\n引入“中症疾病”赔付理念，构筑“轻+中+重”三重屏障\n\n大都会人寿推出“大都保健康保障计划”\n\n（2016年7月5日,...",-,跨国公司在中国,-,China,Beijing,Chinese (simpl.),0,0,MetLife China,online
7/11/16,引入“中症疾病”赔付理念 构筑“轻+中+重”三重屏障,http://www.cien.com.cn/content-135995.html,#NAME?,-,中国产经新闻网,-,China,Undef regional,Chinese (simpl.),0,0,MetLife China,online
7/8/16,中美联泰大都会人寿刘玉荣：自强不息诚信守信,,,,重庆商报,,China,,Chinese (simpl.),,,MetLife China,online
7/1/16,3 financial strategies to tell children how to consume sensibly,,,,Sesame Street,,China,,Chinese (simpl.),,,MetLife China,print
7/1/16,Aymo's wish,,,,Sesame Street,,China,,Chinese (simpl.),,,MetLife China,print